,year,month,pct_중랑구,pct_도봉구,pct_양천구,pct_중구,pct_서초구,pct_마포구,pct_강북구,pct_성북구,pct_노원구,pct_송파구,pct_은평구,pct_관악구,pct_강서구,pct_영등포구,pct_금천구,pct_구로구,pct_동작구,pct_동대문구,pct_광진구,pct_강동구,pct_성동구,pct_종로구,pct_서대문구,pct_강남구,pct_용산구,pct_동북권,pct_서남권,pct_도심권,pct_동남권,pct_서북권
0,2013,9,0.0,0.0,0.0,0.0,0.0,0.0,0.0,0.0,0.0,0.0,0.0,0.0,0.0,0.0,0.0,0.0,0.0,0.0,0.0,0.0,0.0,0.0,0.0,0.0,0.0,0.0,0.0,0.0,0.0,0.0
30,2013,10,0.05784127475910372,-0.025585690307729503,0.04932670566341235,0.2525390706163333,-0.005181443644331152,0.024080773364274055,0.005760041112733871,-0.03143592754660107,-0.3099002228785853,0.012263650410072602,0.03240388102548719,0.006509749222892047,-0.03630317659325222,0.08319793947019538,-0.05708239759596401,-0.0013969266900757393,-0.10323408847687232,0.0030465387113052245,0.1313603941367083,0.030462677032859764,-0.07399198968683762,0.02381236865250491,-0.033403615627211836,0.06559308139866338,0.10105694992745873,-0.01650707785642236,-0.025083714915549504,0.10695098454098018,0.024307323349793686,0.03344780871534869
61,2013,11,-0.07593433203938926,-0.021014710693072036,0.059395241575605606,-0.07333432550006902,-0.013636071878857958,0.18652279064753396,-0.11672862554876895,0.10027892224646706,0.26132643056766125,0.02101951448195427,-0.015999686984794703,0.14660890420762174,0.03223693314635612,0.16513210865595007,0.010214112584468582,0.05549014391065743,-0.0011813116070453766,0.08650203052297112,-0.0137057389520574,-0.09530336940294226,0.060217557353921425,-0.035675114314713374,0.13020017346363466,-0.013893880657138924,0.10085447791971114,0.04427233275944298,0.06833830396694096,0.10995726035844089,-0.0031779344010418598,0.11580008608188241
91,2013,12,0.19641221165804978,0.06664208682705941,0.0848626646287689,0.08577208646790946,-0.015088189398663854,-0.008873733601614697,0.18455232138723732,0.00771679624656052,0.2590386040043049,-0.004838136187171216,-0.04624037653064039,-0.050435672837608636,-0.0385249009068378,-0.20511521563902635,0.0337358011290414,0.08720256913612245,0.08273652641274465,0.2611941829635951,0.01649184232327361,0.06358910058725042,0.09112357882226751,-0.09549909500595166,0.08851911988018202,0.09270483411031116,-0.0040770231457345485,0.08738672141503212,0.023432593289924863,0.0013868748689291888,0.01773888411662461,-0.019349037734367913
122,2014,1,-0.1654640181422754,-0.07321912422366961,-0.08681796112179851,-0.038274441780706936,0.028961994993827567,-0.10016798769807111,-0.042230148165198655,-0.08928045067345003,-0.08334526860202718,0.0516759601669734,0.05326214283406494,-0.03289154613847589,0.0015953629680203196,0.41009597827493494,0.023202616131133613,-0.18292541088833703,0.02330052032927865,0.00460045848949453,0.07097397523838311,0.021353519476555727,0.19712198398592995,0.22242752076921524,-0.1423410886651113,-0.11786346368393041,-0.1209039136097998,0.006321410532109439,-0.03392542202359794,-0.039110544148823645,0.01798602307596231,-0.08595313050278375
153,2014,2,0.06069996743994577,-0.049899738274371996,0.04715103705451451,-0.155327147938628,0.015017046499412157,0.08435681398110284,-0.04991034883170453,0.07902971037649231,-0.018915322904797915,-0.021334660430061825,0.005142134679326116,0.02718316973414603,0.01692131863709667,-0.16850905674722005,-0.043919788551271544,0.09638361340024937,-0.020607896501914302,-0.2734298416590164,-0.074656816251082,-0.04815082595836406,-0.2608937096937505,-0.07890484816659327,-0.025468368742537995,0.1024991683025327,0.14745427910295517,-0.0733944545519628,0.006036145521875369,0.055794813957381395,0.017322984414522624,0.05047953841156971
181,2014,3,-0.008896924777182957,0.04980564600192583,-0.05413350836108266,0.26504267376921686,-0.03940318135507348,-0.13326783031583578,-0.021892123333901448,-0.04655362683892528,-0.05152102013618709,-0.05076596777275921,-0.010910510438477128,0.16315333162196022,-0.028458129871782978,-0.008346629128472283,0.012116588091939606,-0.09487354452161412,-0.03976460241893187,0.07531510272903397,0.027787608669939123,-0.01933958577094752,0.10681223031080123,-0.003697690385399466,0.00493055910088902,-0.05651446840035956,-0.09300156687999173,-0.0200312411157465,0.008364801428176305,-0.0616972236248301,-0.06720908706099982,-0.07144393914955771
212,2014,4,0.11838465824704292,0.009769596686917348,-0.025954289113181428,-0.16378179265002168,0.015563986005914021,0.14528023513911914,0.007465842550002044,0.020153236215980863,-0.20839453983804423,0.009711790882472426,-0.00010088763952742497,-0.1264198736765011,-0.01387214607427889,0.03205533292244378,-0.026732820097423282,0.0740784026051422,0.198550148704711,-0.07599018357309206,0.04115184024655649,0.021110745789798768,-0.022721299046463028,0.018769581902317034,0.026285195722649535,0.13443767977704457,0.0775872985770949,0.022788287405824503,0.0002532385597091569,0.03193099962488266,0.05365058990497884,0.05095301844136091
242,2014,5,-0.1616690361944766,0.06845394305055308,0.04628423909124768,-0.154403780753132,-0.022802618876295755,0.0635068499976672,0.00046371578575366,-0.0629528465906044,0.0038852292107576236,0.01498159978968494,0.03806445623741084,0.11115772989579087,-0.0362374138176762,0.018522669740971276,0.09519267428774114,0.010209068545394384,-0.07388069652880125,0.10870676046456462,-0.03117368616947014,0.028688107350223202,0.05671140518217177,0.050509263766639334,0.08252113210814693,-0.09605683886664407,0.024603975433166836,-0.045824331460927015,0.02116113057988267,-0.023245432428128376,-0.018169057029668534,0.07721245235703367
273,2014,6,0.13870641135443718,0.09516521169495351,-0.07852469261479722,0.3037460708565336,-0.001522562842311559,-0.05226530606459412,0.09022415443191378,0.06771260301078064,0.15823964701495363,-0.04279975577806161,-0.043257007722106056,0.017653106606833502,0.0037254242199593612,-0.054061469192615896,-0.05663080763100281,0.04560618491939916,0.10994762218704635,-0.004730691046223479,-0.06222381772379881,-0.05454406220859609,-0.119860742417502,0.08991052021646917,-0.047618746422001146,0.06309301518226018,-0.028318016993940542,0.03363889422482291,0.022970821394219243,0.053680545235299304,0.013662357478320342,-0.062256326160660014
303,2014,7,-0.07525022006402204,-0.05379705137929813,0.0840362362030802,-0.008345470028439772,0.06987653864382559,-0.1256475064319429,-0.11817544561542015,0.059024868806489605,-0.0051854930247832165,0.05452254708454296,-0.014685721495137805,-0.12148651316845926,0.10869559491830572,0.1484452879465088,0.019180639418177936,-0.06825440047154574,-0.1580555521001581,0.0014241058904274073,0.05254873554667783,0.0886878310469581,0.5207547083310535,-0.1279746457526153,-0.008281374428845023,-0.08994093212928833,0.016368789505922132,0.07652923886457308,-0.040874971019966067,-0.05809661596293092,0.009934347169115787,-0.060005635013441916
334,2014,8,0.18939040399396112,-0.04768653395149747,-0.0007156929343890006,0.10428748344895555,-0.058837513560529686,0.14980819922526556,0.043970891361838405,-0.031403992458763574,0.1026218917356101,-0.019635772432200715,0.07400543463323239,0.015477255529873002,-0.08224171774946387,-0.18603617692771213,-0.07253757989144127,0.05192743012005141,0.0027078894807786025,-0.07448066650723517,-0.012793072415602347,-0.015493700338048533,-0.17591129056103594,0.04719018748421222,0.06679615140363171,0.15825513742525055,0.10229336642210529,-0.02533876146037306,-0.029724432690765856,0.14002996073079332,0.043644167331226225,0.13465328083853145
365,2014,9,-0.05408871833471707,-0.032806216949190836,-0.02098967431223142,0.01569036631932219,0.05160652750055705,-0.07971689476851451,0.043254882271752226,0.03312509552244047,-0.24872750061064308,0.05357078641940749,-0.03251700947726144,0.21824237810214586,-0.05090815745032229,0.11157467566830359,0.045768753994218425,-0.06647429711233654,-0.01953180943907773,0.21701640933770672,0.023925408041066465,0.013033903618123066,-0.015946565067388896,0.01142261275160994,0.09687467776542324,-0.11110480606085216,0.026902392646255935,-0.007027046083959765,0.040277124531245656,-0.00027136676900152423,-0.02981612075326623,-0.02488334593914865
395,2014,10,-0.0013598856571819251,-0.03467363202801177,0.007653200981815544,-0.16991315849148192,0.051617947167296174,0.01205154978333245,-0.06250073793732402,-0.03258671904953203,0.1578621715912758,-0.007985937867703519,0.017112261502806314,-0.26426861522525746,0.17472351951383414,0.058872475311645855,0.075108697041125,0.021002939860608194,0.12733455709759123,-0.04844540653341356,-0.006787517888938166,0.009450451427564621,-0.01380888881524267,0.031690977084295247,-0.1788116713020067,0.01731919932266557,-0.09375185737247005,-0.015121047944475885,0.002925524914545008,-0.09256459210466372,0.014728921286264463,-0.03645458747851993
426,2014,11,-0.15414301265496977,0.00880692992203258,-0.03998368141546371,0.07883244051140093,-0.04179378692545266,0.10847751511576265,0.02436327806557048,0.2283564861457248,-0.00973748620004311,-0.0348514072378332,0.021062742490101982,0.021793050810601677,-0.05619745761948369,-0.04419446703302565,0.008704596109656793,-0.07079297128446871,-0.010001787136054485,0.1498919698991903,0.2930140839693327,-0.04725499170713787,-0.17353848570110086,-0.034483736836520396,0.1736482732792506,-0.030544484442456943,-0.028322020826634042,0.07393528405709104,-0.021656705391956743,0.0010127527620837906,-0.02889209310636265,0.08317497757543002
456,2014,12,0.07761974253656279,0.019658831344973704,0.11732573192172246,0.030756747773268422,0.01880345587635701,-0.01646635350258807,0.022119228721634077,-0.19683332095185924,0.06284233469348122,0.0030065912898076252,0.044406303633314215,0.21944772017158543,-0.02266698569176573,-0.09172777301111712,0.08534607196567046,0.03259259911303136,-0.0556873200975444,-0.14909161560863815,-0.16094842426488065,0.09714436070546695,0.21761017946453975,0.07488278541019877,-0.04573803557700484,0.13910774026913741,0.019646533163283575,-0.06629319638986164,0.04250353419284325,-0.00119902046817022,0.08766988222885796,0.01328584135001698
487,2015,1,-0.014331144131349616,0.0033317882192298587,-0.061385906280891245,0.08414755279757058,-0.00227381814534533,-0.11712565024875754,0.006002078898547092,0.03796246879909182,0.011067920332499037,-0.001135581303766009,0.004849841163773849,-0.05517687191991705,0.03912189909634933,0.3458805074747118,-0.049169129363588526,0.03236503359784049,0.3345269939567943,0.020243086666039245,0.013668687871272622,-0.05748568863283665,0.0146831072670226,0.001029861523908382,-0.008572896528703411,-0.09876060320258384,0.12252558130311586,0.030957055754346152,0.0842861156985859,0.22097442958973756,-0.08946649982261223,-0.033981112985621786
518,2015,2,0.007957995730540901,0.047823406366446,0.0008541067076344167,-0.05862719064228472,0.033330948214506995,0.057483553821269906,0.032972744887014294,0.002838032576125471,-0.16925317190536016,0.048531552432196756,-0.03217824334004815,-0.018605816472615055,-0.011547084981168187,-0.21552069288373377,-0.028362659952361313,-0.006090092181860407,0.031227840161195175,0.03157682745203738,-0.035307253608950706,-0.025947251352926415,-0.029099392666286805,-0.07324993619454512,-0.06550537422866365,0.01497267760526344,0.022948381311094224,0.0012937835478468163,-0.006548319863348029,-0.033843782213688334,0.03558128711211972,-0.02054294237587595
546,2015,3,0.07162406543506683,-0.06682183196776648,0.06230633862187518,0.00270028489734897,-0.03716398285605493,0.024574044520949245,0.013546001274429287,0.006062950848077842,0.11110824283086518,0.03407130162841843,-0.013278412983125598,0.0032975262505499092,-0.03005558516720963,-0.09140272662880788,-0.010640302800360102,-0.019592455717054147,-0.21011975943333694,-0.03762044158932698,0.00027420460158511517,0.010671130237492,0.1351130354550767,0.08636786838629873,-0.0066527341875574075,0.09834050627290147,-0.08025988920073546,0.008928909157454035,-0.06922261352234649,-0.06134797653462565,0.020587038471644226,-0.0018142020365501388
577,2015,4,-0.05190627267175696,0.0339265092942691,-0.05569475907802279,0.057234327646432215,0.0013518428424912354,-0.003119730795288156,-0.01965948010725449,0.06352510349101004,0.024938110223921006,-0.02272992472836244,0.0263201663359236,-0.0295683745032711,0.06981537764791401,0.0745383430212101,-0.03556913546409146,-0.005519324949564752,-0.09684296321423358,0.04994031160350443,0.04580765347803872,0.004973214676810667,-0.07841627866658929,-0.0386259817170832,0.057819108714195044,-0.06027296740253829,0.05942645229595711,0.011170278681573942,-0.040920181062474414,0.039157137865132974,-0.02050812441686234,0.0148514038213714
607,2015,5,-0.017924553038365043,0.009996452157560842,-0.011969525778231738,-0.05826131624278885,-0.01948781947137368,0.01860816150807798,0.003868517521928627,-0.013470004621192078,-0.05910993546378285,0.04042141803401078,0.030077950412152665,-0.02100910532682765,0.03524652818331031,0.04855510793878448,-0.004184401334020316,0.0007857489092670811,0.03993833692509008,-0.020058173917472888,-0.0668511596312712,-0.039250261352383964,0.05792441721793584,-0.06548094081018918,0.009635933013878661,-0.07681104333095023,-0.09071356932853858,-0.02368231262349807,0.018773609110076084,-0.08160071315599238,0.0058531618602823965,0.04145692828237113
638,2015,6,0.028382305138219266,0.0034947872680552994,0.01589563810245953,0.359498700783889,0.050887390934058585,-0.023144854365979906,0.026688329233508723,0.04613764127443232,0.05877213067333442,-0.04581272551756399,-0.022188748279433734,0.04462678519034369,-0.05986465156876952,0.35051398483853813,-0.016512172468225117,0.026991122095515907,-0.07423824677179269,-0.011544620998766075,-0.03883780991976993,0.06602586593900717,-0.08635895156581408,0.05347712717515263,0.03178677901877114,0.2283381429847109,0.013091675213100507,-0.003473246437418198,0.0010959783671156131,0.05415356864451426,0.07404785809045134,-0.020253877172860202
668,2015,7,-0.09531773932405274,0.04556206256780593,-0.0012013229165174222,-0.2649332877291811,0.03293559615310482,-0.009202848157600751,-0.030903238110155162,-0.06676702651505584,0.07185263782261542,0.05527949469886462,0.06705406042621309,-0.012459505300830065,0.01625288010534298,-0.2526772347098247,0.013215228378509414,0.04536391810985907,0.0769803504107871,0.025867286261200384,0.09788690691296642,0.0563134019953897,-0.06121803746579424,-0.051458923120662914,-0.030681425750378133,-0.11940546223210136,-0.009788055568732967,0.01054003866054165,-0.007924206969699532,-0.04448896075405595,-0.0367067807174315,0.010151449600508844
699,2015,8,0.014805713715656088,0.01656938257911822,0.011840190020317776,-0.060289357617480444,-0.032957721953439933,0.03924091691002807,-0.02873707389153668,0.024869906316882018,-0.055167849909769084,-0.007219503861365495,-0.04592243924342643,-0.03234680223581721,0.006542984972879307,0.005897317784413936,-0.004633890113605044,-0.019568669692540452,-0.036285073679533486,0.0662132042967929,-0.02311107562796233,-0.015908151142202565,0.10025251213703679,0.0343567191079146,-0.03100499042380256,-0.0025300750214062306,-0.04127590467207465,0.00812618930361464,-0.002884112075069778,-0.06717404144558003,0.0005596534810119458,-0.021788292946081533
730,2015,9,0.01862164938921218,-0.06170947847866237,-0.020556345728810266,0.18080020158482313,0.05281279550431983,-0.0016889194513751704,0.0029411647980939204,-0.0024048355403636368,-0.14257576800939054,0.006333702644035544,-0.01432002773030161,0.04051602887480876,0.011901103261529489,0.014665840187933377,0.014686682564316378,-0.050573304953458686,0.10079831703112752,0.029541213698797364,0.14919935148175445,-0.026229243477640884,0.2497008182195526,0.029620305131512925,0.0922448922268182,0.037681749533236886,0.0256872820829539,0.05680727637374883,0.011350063405986877,0.04185536144602198,0.025400794489409684,0.00686363100188192
760,2015,10,0.0021735555431747766,0.027579797438433973,0.04362920176817986,-0.0208011236241894,-0.036886367146370724,0.01765032320663784,0.016210682321551317,0.041549269610671624,0.01592720962483085,0.018484006172747813,0.027365093674541985,-0.07152981826265559,0.024796103227785027,-0.007482436313440255,0.02209996970786099,0.014946867399882935,-0.07893121530826985,-0.0215672107446937,-0.007175145527564153,0.028843369031618105,-0.20020951212745064,-0.014335201885236737,-0.027936943538536485,0.21683087811881907,-0.0017435170895551133,-0.03056311814791368,-0.011058830856463198,-0.02743624115884502,0.0325041839664566,0.019429266760199404
791,2015,11,0.07135126876297448,0.038432617692966575,-0.05555520120255353,-0.019879189529509955,0.011955670429635301,-0.03965274117440731,0.061070227380151776,0.12112687090960095,0.18562560948000062,-0.02229703068525335,0.050060755780041655,0.07037769807432848,-0.007612926537451381,0.16539191463600234,-0.04304892255016002,-0.010588980745598775,0.23647293321705698,-0.07224792572209104,-0.10336651926013396,-0.007940994891577291,0.16337765995228049,0.00608719740739061,-0.021819789706758796,-0.1853154153399562,-0.0909515794624367,0.026784272300573564,0.06782844298450041,0.005380106369250015,-0.06989388539800756,0.008599936744648096
821,2015,12,0.03345742130355278,0.03321972799804351,0.08484627800126776,0.15903755988475,0.12456673832811194,0.06996919216108921,0.15107444135070947,-0.1433561810890075,-0.04202679063352133,0.02610701051148956,-0.011610375973343912,0.2879031353668975,0.10630185354650212,-0.10068094746184897,0.12746266401195672,0.11621328310007173,-0.19446640078196542,0.09606776023860109,-0.02231272458295186,0.04970044152873321,-0.039916222047981065,0.011051301777259992,0.06186598733758086,-0.04094226881045693,0.07273472832209582,0.0034398917986484534,0.06749978067954299,0.07845205242906439,0.04687577429368006,0.022390795999058133
852,2016,1,-0.030769536797805586,-0.0874807120119141,0.05823487243157954,-0.047227219382470764,-0.015389289962278174,-0.06290907175147864,0.05852029055073049,0.03135981669588417,-0.02679257826099679,0.0015251070421098412,-0.004483936437001401,-0.07162103825104549,-0.08165789103618093,0.01382099685515481,0.03400922564173081,-0.033064134816125246,0.07329503444215879,-0.04881540570277054,0.12560360268569704,-0.03434675524186637,0.035584133596076484,-0.029278980900197205,-0.07855360702612912,0.0758077400801378,-0.13328848926862646,0.03873187566613856,-0.03540857456815705,-0.1154053385515168,-0.002328626851557103,-0.03137012246744164
883,2016,2,0.0734377829086088,0.06475413686765075,-0.03250488091700876,-0.004017227749958496,-0.05925570166677363,0.006081777849390457,-0.04423804032585421,-0.0330290481232719,0.044677117886907425,0.03158824983997999,-0.012711679904805151,-0.20685662006852024,-0.020783840538917908,0.010771303571695867,-0.060127301037540715,0.047894440514409276,-0.0430693339816115,-0.014571704180710299,-0.005658822294081101,0.025065801074008354,-0.1606450048696646,0.05571921098644461,0.08676445714142678,-0.07276284038523972,0.238888580321021,-0.02719585871702379,-0.060122884171996294,0.1593346517335812,-0.00545345244186346,0.004800394529301588
912,2016,3,-0.02621042881332969,-0.006641454984641748,-0.041448783041954096,-0.154445993191056,0.06558314416435707,0.0671342492291731,-0.137583821281122,0.024383918436712282,-0.13985228478414546,-0.0019251341146777623,0.034735430295088854,0.2056292372950883,0.0024854710383424017,0.030187761514922418,-0.018182350715739592,-0.05030100524872705,0.023698215857204774,0.03572359612827447,-0.03510517108701272,0.0031642942571505905,0.12278958536176354,-0.03055591224721299,-0.05685243215781988,0.11527206772294774,-0.06890306060280738,-0.028735509534186576,0.02800954546324297,-0.11009507688978415,0.045035246581724975,0.02243849010871335
943,2016,4,-0.054010999326759235,0.15101614463796897,0.043272542235659905,0.11487475312848305,-0.09300544686373158,-0.005170713567639984,0.034209468262021536,0.05303179751957221,0.022406344303169012,-0.01728848927170601,-0.008701513313256193,-0.06251344876852127,0.012315976854329502,-0.029301839615686776,0.02856925865624338,0.03818508851415081,-0.041469712669165326,-0.12595809193505336,0.0003538608478084182,-0.021733817447156967,-0.01415256317965019,-0.0555376626360482,0.0037222053458401128,-0.047088289644518055,0.012803846319072498,0.004387209926109525,-0.0002539954356121088,0.08012571831771953,-0.039961749880623176,0.00804652163812003
973,2016,5,0.0653627211059995,-0.09828970588962826,-0.016148906537419738,-0.12854967388455918,0.0591544482706321,0.008006907284638487,-0.009674394991702973,-0.009887305828166548,0.20021899664520926,0.029610784211327568,0.02921218565649686,-0.058429409954787626,0.04407947094164655,0.04566069458852873,0.061264366446171836,0.04498406681965417,0.1631898080903753,0.2106530874091832,0.036340702230666544,0.09942048101524636,0.10075613051250576,0.0850755633369864,0.14250195318749603,0.012429631834452115,0.20095770319264594,0.0621147294055755,0.032234117493415315,0.14870275896947205,0.055699809811596834,0.04702751056293275
1004,2016,6,0.07297245725056212,0.00987496506509089,0.09602110249948925,0.14180943075232255,0.037682629126975176,-0.0016824959422357955,-0.03858792655494969,0.0403314202514391,-0.19000470839637607,0.002056278226923336,-0.021718166900315472,0.09443487955621466,-0.03724209988916827,-0.09107144067341666,-0.04560886209720694,-0.049954620352935186,-0.06043652045512249,-0.03900806090831466,-0.0738259462544747,-0.03345017069527323,-0.022973384809653608,0.15255974571384856,-0.04694873197832605,0.04235336732690631,-0.017655623272762266,-0.02610668069811184,-0.008018808095087815,0.052399386425730166,-0.0028563722634091793,-0.013282555217865477
1034,2016,7,-0.058588596672022986,-0.01080299434695764,-0.10119542086553879,-0.09052133658403216,0.004049243953654802,0.05721293336592814,0.048725836862658856,0.0025699936056748918,0.2570992376259764,0.01619902809370033,0.045031701439161465,-0.03471991062551638,0.000352890635922698,0.035890941940126986,-0.005412846031950025,0.06251117577471099,0.011794499982561657,-0.020762584974357345,0.07947154516826216,0.051524108516909584,-0.10735637175915502,-0.06038134410268747,-0.03857593460821007,0.08928940438484889,0.018006878348653554,0.013154267105374151,-0.006039681144897946,0.04371282809691879,0.07489865973103327,0.016443993469866136
1065,2016,8,-0.01694625381710657,-0.042893826208916686,0.028594960930646396,0.08405347314013945,0.024523200514166676,-0.028200013184950024,0.037755637071336556,-0.007930320162515492,-0.1359515771878439,0.004631449347773708,-0.03917322715301219,0.07935295180255642,0.06534625009800155,0.10245026203825014,0.22916756773247404,0.07865769287966451,-0.08709451704228865,0.13027375951983755,-0.02707073784066749,-0.0073637399372245005,0.21211256573511017,-0.031989003633971946,0.030031785056968463,0.015175389625251334,0.12128919202854016,-0.014667327846409783,0.0559319798033342,0.026564592760367045,-0.0048966079365254656,-0.015066968088812027
1096,2016,9,-0.022917513737097384,0.038261585678256216,0.02753170002612637,-0.07674966470054934,0.09655230658878322,0.055284397490589,-0.07240158242722639,-0.05873873762098469,0.06510030721635873,-0.015927588144765248,0.021516199987021034,-0.056972472375948935,-0.0516444862546962,-8.541947201745614e-05,-0.20970836196883424,0.02209621881003332,0.17648567827584305,-0.15189997049891746,0.0037783581456585225,0.0231770316242339,0.06186966094337398,0.07709348797329896,0.004517078262149754,0.022839443822617378,-0.17897929412116653,0.005998792294918287,-0.006752043146268538,-0.15513872138352724,0.02796728459250164,0.03369698998585324
1126,2016,10,0.13327069446123496,0.03404184278268385,0.006597995900278653,0.13753230835442287,-0.06213024451196536,-0.017765660906125746,0.08283939672970364,0.05048782203933744,0.2048155391941171,-0.00588859882407422,0.018756508398598548,-0.051116417672331216,0.03559526980793648,0.09627081651619318,0.12435196070949206,-0.07272322236653839,-0.08361443772606036,0.11188948420345413,0.07532641938771123,0.02067417189857257,-0.0435662438328307,0.07733473685247638,0.02607512102174825,0.03410082992895713,0.01749000048255467,0.04887090513155257,-0.016097443803302025,0.018967926927893064,-0.01287449162754406,0.013451817529946286
1157,2016,11,-0.07496509345490898,-0.0049873306773803305,-0.034306063319690216,-0.021191347275010042,-0.015506252265578002,0.006791625957189629,-0.0186250888364764,-0.03529169188681747,-0.05410433361042688,0.031357722694831835,-0.015561749459935714,0.19117071829085241,-0.05648983268669827,-0.1086338032875519,-0.11438246486714798,-0.006011512650711648,0.006607647842306941,-0.0011841930024037994,0.05789871080020492,-0.0116810350582508,-0.07211226346999233,-0.14658123090401787,-0.004385373260731962,-0.13785801839613498,0.11358158597876522,-0.0050450493675320285,-0.0024968864548193803,-0.009637678153595952,-0.026550154171449902,-0.017199260594708554
1187,2016,12,0.09985936944397156,-0.03245986793999456,-0.03082160556310909,0.1403767489213914,0.028646121849065453,0.04052599250328681,0.07444528028129427,0.020934232570532618,-0.03336216333434605,0.054651809061482926,0.02483407104717239,-0.07624986844724835,0.012801768952896975,0.07179298095639464,0.11818434825348634,-0.02722111818763384,0.10848336239183731,0.12384297586593651,-0.05172889170225636,0.06518119726037641,-0.0739647380115106,0.10210499687320906,0.024601554577597717,0.1152779450899779,-0.07742913741411184,0.028650205621177482,0.01871825615766487,0.05531094268141956,0.026917338257858914,0.03487590805810736
1218,2017,1,-0.03776330573930553,0.05088479314388672,-0.013256691527157693,-0.15363758228910385,0.013102520490079206,-0.02658779710900694,-0.10658315785437211,0.09350777457397408,0.011090801512665394,-0.024182622423705724,0.019502961921738615,-0.03117598634848484,0.10862703664580664,-0.03828380402274134,0.11904357106634755,0.05251891936856712,-0.027537294474219154,-0.07072470544516285,-0.03086792998130039,-0.035472850163453584,0.06969562897613102,-0.07747873285090734,0.05533073820973744,-0.07790839497846547,-0.0034937786026816298,-0.002964039168059429,0.020483276321437982,-0.06820075947391613,0.0041396027681495084,0.0102041925772145
1249,2017,2,-0.008166838999716597,-0.09018146347624623,0.09742849060579406,0.04173979742831957,0.03385448978743022,-0.007096283720869123,0.003683655867640079,-0.061235821811861935,0.050600738689168034,-0.03007406778016153,-0.002195481004324651,0.18412883952039438,-0.08520613368267371,0.04663073100309534,-0.08761444165957633,-0.04786687764717168,0.07644795321824871,-0.0004533838745043317,0.06548691987553035,0.0068583996817142,0.025854687361498874,0.0202877289352299,-0.01942765306865757,0.05585763049932324,0.17686945406071874,-0.008907929588467534,0.03424069980373745,0.205052326642168,0.0065714047828475675,-0.026047041830938755
1277,2017,3,-0.06345913343323117,0.07348737717203391,-0.06177828327048718,0.043269664733254665,-0.08217174030681784,0.07342837774334976,-0.008791718078612343,0.06711924534066971,-0.18889589409032892,0.005163399954580816,-0.025820155014970703,-0.06120091565810759,0.028588757605428672,0.035204281250168945,-0.01346762814760849,-0.021393190918714278,-0.006630307470457231,-0.01719665143961968,-0.09539961553343312,-0.05244672762822811,0.16908559183297545,-0.020944097316927923,0.015473362763442466,-0.005484008226381287,-0.11667265014720807,-0.0224966631419935,-0.02552507456710862,-0.10918595820289001,-0.025833569138499546,0.029452748062080536
1308,2017,4,0.006587709394213048,0.025408549901611677,0.0989129341398367,0.016854900227445402,0.04340218940101859,-0.01921214301862184,0.06828188741712937,-0.022818990483013835,0.08716147981375166,0.07267504966962224,0.04062979322329063,-0.1539763835952016,0.031224925921639723,-0.0920168815161232,-0.09902922803472458,0.027020466243533825,-0.0749791518146411,0.025098483337294253,0.15488758629154775,-0.05984822367943643,0.08773118255973889,-0.023011035918343747,-0.0922232020954511,-0.010158548867847728,0.07382331901688843,0.08668881288468211,-0.029346073889803703,0.05271746975927449,0.011448945852221115,-0.006869220989786262
1338,2017,5,0.012847474274071402,-0.028810167102109263,0.008062832606281933,0.15797145402844226,0.02720013484303241,0.13189987827757754,-0.010145173386649109,-0.014858172201781206,-0.01611109001181621,-0.0003266208917189761,0.00780753228448372,-0.023806349897422918,0.02040400290759914,0.05764373481387364,0.16121478316765603,-0.03914044918528048,0.04090791110856373,0.010800763913906719,-0.10791285732857414,0.07234026018368733,0.09609440181667739,-0.005619624987693528,0.15340658618476555,0.07056103295649496,0.0010662485976518088,-0.0217897906403256,0.021127345112958995,0.05395531866268155,0.046456365365722174,0.08870038638263633
1369,2017,6,0.01579459987536569,0.038126401608153504,0.013033235105952556,-0.09415990407130392,0.04258579221117831,-0.001267843481787878,0.08368879358892167,0.08745664835318401,-0.031046861654583258,0.02293598515010231,0.013315962522902458,0.21047943147910186,-0.014812832607226656,-0.021230399040945813,-0.0882362651829054,0.07177501221942961,0.14004510266271408,-0.04592612734762336,0.07833025022903684,0.011576234625469306,-0.04204879203140954,0.032200509098852415,0.019185207994935283,0.017529111970782107,0.07176915457518307,-0.0015154582856347076,0.05787872880442091,0.009196786253262701,0.002991460226536846,-0.0036955419322463046
1399,2017,7,-0.018699984671556202,-0.008273410014865146,0.01116283412419894,0.07631722833889865,-0.02759288883668276,-0.008477299034327035,0.020736031820259404,0.026269612758645033,0.12869921199709622,0.047505700970588594,0.04096571393688242,0.0860241205535528,0.07757086954313275,0.11748390835333078,0.0718514946467339,0.007453883549912943,-0.08450800785118329,0.1466543918572598,-0.06957550838386883,0.007722172140563366,0.027019603345723286,-0.033294965315795344,-0.0129033745360434,-0.0009201643949496852,0.10004013458999594,0.03704467859512217,0.034696107711960966,0.08207158345955468,0.023355335488455475,-0.005993911786092987
1430,2017,8,0.030344063371160246,-0.011707419762144067,-0.03388860505310198,-0.06780398773245933,0.06089040823326042,-0.12996299736240535,-0.08670497389110521,-0.07124873257838737,-0.18618137976726767,-0.0175485069718887,-0.04445291695363507,-0.11087543643024833,-0.059465475976505644,-0.05993132254964717,-0.04295682894080255,-0.01399153183311641,0.03821001643460975,-0.028497154763827526,-0.01073862578373086,0.11158936981436152,-0.1320803746453404,0.07358841294488339,0.01608667512012607,0.015867254284606558,-0.23002811336602924,-0.060548535239806744,-0.048320527216678344,-0.21422802505101957,0.028600776179328546,-0.045591185149588376
1461,2017,9,0.08294823453272726,-0.05618600583787281,0.05965135498420704,0.011725921857637323,-0.014002287833284943,0.03530088681075072,-0.013779241732257086,0.06389230752162733,0.039817196492171414,-0.07952525562254553,-0.04166556319507997,0.030075347766449045,-0.015808358964290337,0.09442640785793976,-0.0004890023175395664,-0.012945458082183503,-0.0829878266703703,-0.007347462820725514,0.10385799067809587,-0.12635431384192497,0.06154080347322388,0.012461209935754392,-0.08717187729373832,-0.12660344062582407,0.057119369330742575,0.055496027719161845,0.0033031627810191644,0.08923672199055077,-0.06127164075355529,-0.03994653165132722
1491,2017,10,-0.05624403246459053,0.15393307844783277,-0.1529262369220472,0.019149827593360147,-0.010941278571822477,-0.007099378154004521,-0.03200510082898789,-0.08533699644400694,0.18953733760421554,-0.02059138623438017,0.13639293102930505,-0.04597368740762042,0.016906226540336133,-0.055700374634642724,0.034582076464995115,0.01307336052967667,0.11226224896538306,-0.028633076022427706,0.05503450249414121,-0.028877778867734682,0.07047518367683336,-0.08276012821806433,0.19639454070217677,-0.00906469138991084,-0.052356805243671034,0.06967046287911693,-0.005622310332147773,-0.11300003669639469,-0.038462215506940955,0.10285505458382205
1522,2017,11,0.005249402119093416,-0.1513968813441201,0.09391892299733362,0.3517898333301781,0.020661482600625725,0.15440526259222032,0.30496690534055415,0.004949095614012355,0.09188658085997625,0.08406878326343836,-0.06078879541805737,0.15136655853128334,0.07172264705205178,0.05369918517409111,0.08031879491414307,0.009011952048354477,-0.07179411518227063,-0.03381944548778293,-0.06802304115969615,0.015508185418803944,-0.14601544351903029,0.17218454766237778,-0.11134534736587898,0.1842294921725116,0.22911575434573228,-0.05764457770801079,0.02827436174867115,0.269310862166668,0.07148920608520148,0.009392765610026999
1552,2017,12,-0.031696449884622724,0.05710316710154917,-0.02701141828911502,-0.055242702002582966,-0.16269558846141685,-0.14098233270414495,-0.05511525094878489,-0.012194320361754496,-0.12858856302473654,0.027452708981619223,0.0683157797237759,-0.08310555950001042,-0.012237054638069789,0.027634138737972602,0.035953558265266805,0.0002749491324298692,0.14962867707060012,0.043253239002990496,-0.025505138026979846,0.132127187540505,0.25238427068965597,0.02170294108664228,0.13273030304573386,-0.09482784173946324,-0.010597140353546641,0.02436360495519585,0.03515558620450121,0.0318560221204478,-0.005786583992947847,0.006127336345358225
1583,2018,1,-0.01978411141422909,0.03823678043542267,0.14194942449608083,-0.21868747249140763,0.1348189389255976,0.06389175205208009,-0.19050574504019324,0.0771979886549945,-0.016167813209226112,0.007602088085917114,0.005645390889053692,-0.088636552239577,-0.02214867860335168,-0.06754788509129872,-0.07057946435458406,0.0561829735316044,-0.07157657609383672,0.07579616065811678,-0.006146497330961509,0.02132413601685479,0.09565223643960308,-0.09533756260994908,-0.10491535517974848,0.08930377954620372,0.009525230922635242,0.004894659310867189,-0.014427030260970364,0.03626869387851861,0.0325412096546942,0.007513427197389122
1614,2018,2,0.006133166274087554,-0.002768933898131487,-0.0834601518035466,0.04959586769890412,0.027657644173052498,-0.017508406619107797,0.09619232853614501,0.007900928133023122,0.15983890868149775,0.009085861254563676,0.007390368649312862,0.08710143792339964,0.10126661312759011,0.03236150439839802,-0.09277978052492075,-0.038769829415930324,-0.08604514567923305,-0.025715726287587337,0.050418630515067564,0.10908968932717023,-0.02201609065119914,-0.018634298795705106,0.14416556539202752,-0.04410332386603477,-0.014180052154432077,0.004592911755686879,-0.0010169314993696554,-0.03183207174399183,0.04937826433205461,0.007857852926180131
1642,2018,3,0.07443208189341277,-0.026969292189032656,0.04510804620790032,-0.06498809011096784,0.008104811301619996,0.03601203251646834,-0.03827374678076556,-0.0527403475037741,-0.14229194457007366,-0.10510230487293581,0.004716248197693229,-0.047266745614957584,-0.07535564291366892,0.18840858146634898,0.19960691785653495,0.044068683112140405,0.08932971930296763,0.07875112721697075,-0.07916127074983403,-0.1638666300944276,-0.21824492217292768,-0.004607661298721033,-0.12929938312533729,0.04374568190927963,-0.07904408404518981,-0.04037366179614421,0.022779265078591182,-0.07918802168915373,-0.050543435521874125,-0.017690075526452187
1673,2018,4,-0.04716837972640453,0.051648801789227816,0.0518121048687854,0.19127623845097808,0.1505964304732741,-0.023703068830453144,0.023567578178052884,-0.028189986217458718,-0.04859390891817228,0.04276453716865558,0.013459906261540144,-0.04902200327260331,-0.04662521571069289,-0.17539501717215045,-0.009856164917782961,0.05111106657133213,-0.06345493702844662,0.05234614323178288,0.13354646450767937,0.020063764052527855,-0.048959106660884766,0.04168804905575563,0.01819121174918248,0.08852767814505902,-0.10610455311373035,0.010271768223997668,-0.04436752762089158,-0.10761352646961508,0.022144366599726295,-0.0033196136255329023
1703,2018,5,0.008321563964772904,0.043589867119945946,-0.09280354654256984,0.031333686286695306,-0.07473937965367283,0.03125925722509493,0.032304370505456426,0.029008646062009813,0.16055944884190598,0.1035011027001107,-0.028758043964389524,0.17462938072767376,0.07863132196506561,0.05518145083052972,-0.02945991041277818,-0.026753523182102334,0.149603562843871,-0.09607030259962224,-0.08986420885719137,0.03916045437546245,0.09506145079373662,-0.05995166700726706,-0.052948878145400835,-0.14106302301078966,0.08190302053919507,-0.023712726623659197,0.0554059064204262,0.13842009136766364,0.0017892137442903078,-0.005842316568782424
1734,2018,6,-0.024660967034085712,-0.0679053260536171,0.17447102539901715,-0.017378994442371898,0.05376088973457138,0.11374215569749335,-0.0026134584640007397,0.023939547719038723,-0.04726948113433416,-0.0013793048430893462,0.0456879384683575,-0.10489278754356901,0.03608753598898207,-0.0765715624578367,-0.009561072953587102,0.04662141154481292,0.018627848536676428,0.07860251502390159,0.09665810516439777,-0.13002549758897985,0.22150418340648503,0.010813398719848655,0.19956361503437647,0.10326814824902208,-0.048745736607460954,0.037680283442664164,0.012453439434321867,-0.020475050934760874,-0.009947975591865,0.10062963352342069
1764,2018,7,0.058775252680855816,-0.024971876995901532,0.03903279530928905,-0.15699137365664506,0.010151378672333955,-0.04125673791143436,-0.048545371162359574,0.13857461523480796,0.046521798733562214,-0.0866867500034395,-0.0050698271114469895,0.0034769470431714744,0.0006078256661106174,0.0725746621140928,-0.07891119624557863,-0.06714309511435357,0.12867784086973266,-0.004143375143236927,-0.11963084872384766,0.13811287530828653,-0.08620341525190711,0.12791953244260368,-0.022315195084621653,0.07946799022336726,0.1652656566823376,0.014943260501225186,0.038607195396010985,0.13365034729788294,0.06350168933241873,-0.014898113618463382
1795,2018,8,-0.040376345788048384,0.0016691270312227946,-0.16521360766657878,0.29766340693419746,0.028047387097526855,0.07066623816637985,0.04621003207906371,-0.0977674433037623,0.031127513634498172,0.10833526916973923,0.07242644205691895,0.04117499001981728,-0.014277776186830238,0.041721491430045665,-0.0009483484474570592,0.03020789699931714,-0.1215823518676773,0.06023952238615049,0.06358663204087067,0.06747558084880434,0.3532659602765549,0.010553531634232893,0.03706842362019391,0.05964848808946033,0.017831740771000026,0.0876209049028962,-0.05374220336686353,0.030490410170453508,0.0053707572166474815,0.05632469130882223
1826,2018,9,0.06363570580269107,0.11237933319333626,0.061772117462029374,0.061466155907617503,-0.0391812521445154,-0.060095326429932316,0.004369376679563608,0.08171869063302784,-0.04391600190640277,-0.01586362040478828,-0.03159212154010027,-0.0018186794841017484,-0.04494297838101302,-0.05390544132772024,0.02670247002049564,0.04252536760182135,0.0395395805271459,-0.08345508882169661,0.10290457810064413,-0.09483272330033932,-0.26704673329743445,-0.010536326925838724,0.02020591518985304,-0.0008584953116180793,-0.010606571816821009,-0.04744073044927832,0.013219860748336032,-0.04121826530598238,-0.015574097050133462,-0.02411171710962301
1856,2018,10,-0.05551271333852714,-0.10046694216609997,-0.04886472398355046,-0.041281631446253075,-0.038316884975129195,-0.0249150639563267,-0.019761796809451226,-0.06122989197179407,0.005651361847127445,-0.015007284652395203,-0.03915388749268711,0.00022303453961725062,0.023854724062385646,0.11759462821169642,-0.011480770073824864,-0.015163236966118654,-0.11794113532591166,0.1481621078184583,-0.05130103740126635,-0.029477377283322115,-0.24016712584019295,-0.13008821563723805,-0.171742976231546,0.007663970889287386,-0.1791645351698733,-0.07973990787733254,-0.0318076143261502,-0.2106388278201764,-0.031190452327819584,-0.07096824936538104
1887,2018,11,0.03819808207376596,-0.0435696750087704,0.13464675036628027,0.08353558718291554,-0.0033213243207513843,0.06564444734487118,-0.02235274941215959,0.07908503320530968,0.20239415005967776,-0.020027833338152945,0.044938452137500695,0.1295066204032167,0.06293003375855788,0.016640241043407222,0.2271703182575031,-0.07719645843680645,0.041804367001981424,0.04534423443746549,-0.007028179041199789,0.015675272275849528,-0.1303630034864235,0.25471404236264195,0.21291723933823525,-0.016417949370903795,-0.0021891780304670316,0.05317343501454297,0.08590260913876113,0.08021830020898024,-0.05525716165329486,0.08947506726903942
1917,2018,12,0.18442981880665288,0.3134781946604819,-0.05727089415130493,-0.3229259718593154,-0.021302015632364668,0.039799241434978594,0.43671768800597066,0.06839523115252444,-0.2557265476134587,0.06558037917385207,-0.043443589832926066,-0.048771764184526556,-0.00019294567046179711,-0.006128379333899092,0.04826589814974236,0.10525214452701914,-0.04289554861423772,-0.14114638855073947,0.06027363708927358,0.1618108270144769,0.4671958582825628,-0.19090974346735035,-0.014941624616916171,-0.16489298048746226,0.13211396653636087,0.10174749939142846,-0.004230490836987011,-0.007219573621736974,0.053604503536476944,-0.0021258098335575903
1948,2019,1,-0.12448182849129197,-0.19678338377546845,0.06398188203906963,0.05443208734281235,0.006632800767032876,-0.06912420402618524,-0.2879709447492147,-0.06268605940054461,0.10604495362860678,-0.023753072788519902,0.04675269750610278,-0.1741895409444124,-0.030499163996230427,-0.007686015187444828,-0.07395955893067185,-0.028249969344399384,0.01681769371578512,0.03749594233073017,-0.15301712859697658,-0.04155685798616937,-0.0641867687897103,0.059748654561115444,-0.08948649266660957,0.3143800728855555,-0.08813628390790285,-0.105281242256683,-0.054991184301662055,-0.02193956418098475,0.07469119581040284,-0.05099709299704014
1979,2019,2,-0.08851550754469018,0.13337801529258497,0.0036499432894905315,-0.07711749374638266,0.004357613621033041,-0.08666077529918359,-0.06629715293386163,-0.08119547808093641,-0.09226602472259837,-0.016490529097565654,0.00326164375922966,0.19720532508171984,0.056426398300648106,0.04779445187401543,-0.08348302384948958,0.001296705435706924,-0.17940864047565175,-0.041866168446879515,0.025194179985921883,-0.0489503762461575,-0.008030868454449447,-0.1245039673401599,-0.09634232415389421,-0.13370887949053245,0.011442611907174882,-0.06024188490308213,0.023570087342888124,-0.08954883346634857,-0.03843428595075993,0.0031735748230992122
2007,2019,3,0.0914863036975273,-0.06369397014358058,0.002355115468701152,0.18288502274143625,0.0101627944470577,0.020660266581480125,0.06622705775244397,0.06180837455458299,0.11353061837389755,-0.03252526736348105,-0.03266189329460245,-0.04513040708625349,-0.04276528319575135,-0.07326491440770344,-0.03386828576825407,0.07951359014401005,0.20209955273372548,0.07616302794907281,0.051013831438013524,0.11200883344694978,-0.20830387762759794,0.18163236664506588,0.03822150910305,-0.05816302659747108,-0.008073883897076972,0.05036789651028828,-0.008258195556314796,0.13615284973913844,-0.02812666748556214,-0.0187648929174572
2038,2019,4,-0.013961779460308521,-0.019088514189150585,0.0016487629869641474,-0.013292487662082797,-0.03314252624867953,-0.0015516696476066683,-0.045028290280710204,0.052281723508513345,0.012817190466985595,0.0731340279116266,-0.018393905343074612,0.12655686453964177,-0.01877779712064731,0.04220885792071227,0.0946305141534518,-0.11997622535977348,0.042362454270348016,-0.03845204864948826,0.06845030055613055,-0.2073064914168642,0.8812228884072928,0.04033273248602587,0.01141892320832727,0.08356572788244243,-0.020590832181533347,0.05759256174922811,0.01752935779661624,-0.016915025235143655,-0.0094408123066132,-0.015055955323439063
2068,2019,5,-0.07595722407303551,0.03880085616730233,-0.030218365372956524,-0.0036519989094021543,0.07331911276404957,0.200591156901889,0.17288595223132308,-0.08416907722927669,0.2467980109732002,-0.02169572250071039,0.05555922646573341,-0.072983706875561,0.13586710459705276,-0.02461560876592217,-0.030688498164871736,0.0580463103941109,-0.03424895182464549,0.042697342024098583,0.15142528358276808,0.14597029005850315,-0.3707200317541617,0.0013706065897589603,0.19507014699677927,0.03229913072212187,0.19679310701316322,0.027899997401391596,0.028217408197465765,0.17459697946682273,0.03556105369847207,0.11584803690702672
2099,2019,6,0.12044568888149976,-0.0980626073213775,0.0821023123466762,0.17667055837134749,0.04734158086632978,-0.02673662050715908,-0.04807921643301227,0.1240158853081681,-0.07862301179229303,0.10471318686328579,0.013499220462813266,-0.02220628941392433,-0.04767893166949333,0.11659514314357122,0.10737784947581908,-0.010913246096646567,0.22618173954362764,0.0926713381244153,-0.24119826495360486,-0.004507775645309686,0.2346063396664022,-0.005189442951233136,0.014606703128216436,-0.0818846378287057,0.07042817060678708,-0.013853403807769116,0.03841997113025819,0.07956492700444073,0.035503824256484906,0.007198390942234401
2129,2019,7,-0.0823201169653377,0.030785935256643304,-0.03491243011831224,-0.12669230439226875,0.016951777345210584,-0.09955215474770218,0.047742882285425114,-0.021763884977373138,0.0129962550599092,-0.016523390180059883,-0.07805928995187539,0.0044081766471415484,-0.019354267268181458,-0.004550109456195939,-0.02039544582538466,0.18093283418380435,-0.03204064559448805,0.06857686327232115,0.09609179063821238,0.03979176404113183,0.024804699148953002,0.08230997869815315,-0.048952211439553195,0.20440378866488773,-0.07051778354543459,0.017600046108729783,-0.005134254242455061,-0.0493170287486705,0.05222318041090701,-0.07621780196682826
2160,2019,8,0.06874171617212999,0.2254680598645482,0.005519000605646696,-0.06348581215500959,-0.041389725999611326,0.04384018473475293,0.030482848758207837,-0.017848876005365777,-0.30090360763083823,0.005146826967865836,0.09845161221783183,0.1341284868239483,0.07655805228013657,-0.06020949607899484,0.008622159801245255,-0.07330826303043336,-0.03265915242223816,-0.09039387713112224,0.09246808235811832,-0.03784430828391727,0.13854826408660914,-0.08177135753820108,-0.0183995960805875,-0.03134682863410443,0.02944414512702731,-0.0006556364619993982,0.03302728164199453,2.5131308961201526e-05,-0.00478493229542265,0.04455473747547645
2191,2019,9,0.004225691237901286,-0.1265307933023746,-0.0780498797828344,0.17038004694024123,0.247881263329653,-0.036575938985533796,-0.14502318296133332,-0.0006244591598206783,0.663773728115713,-0.06418520384580584,0.01107229894022388,-0.10566890489192471,-0.09826418689106131,-0.1047302588834873,0.038922590599871576,0.004337060787939384,0.032675925146785856,0.10037513246770513,0.06924940035112259,0.2345550083700696,-0.02956845661184271,-0.08266634393265992,0.16836870448350183,-0.02668341299142596,0.009294229152170486,0.04894096550944371,-0.0534668756508595,-0.02414543394131008,0.062036445119652894,0.03721415872636524
2221,2019,10,-0.007381956326426575,0.06913118648317407,0.0845486465043448,0.03456451035359587,-0.08782898596641309,0.049027835304354506,0.10343948876669207,0.08063806380795291,-0.1452104330361964,0.12710710975571327,0.03848680210708699,0.03815178359692717,0.04201209047722876,0.11165120952414354,-0.018504022658726527,-0.06973247869683175,0.05971639907541859,-0.04113444418769252,-0.11709293046973857,-0.12486844742128611,0.0835293372174446,0.022168554692676645,-0.0715354085703569,0.03302669977683137,0.15368310914314964,0.00012167125028805792,0.030187805320512684,0.10856977536858703,-0.032849776242442896,0.024845765733637837
2252,2019,11,0.1587436747694564,-0.031942527865516546,0.14529085199106007,-0.027651174184911698,-0.0240364759794911,0.06574616044573522,0.1684661468465134,0.10317895552792988,0.02483025478850487,-0.01896861729506283,0.017244057002745894,0.0071134202609413055,0.07317840206385395,0.17751849569961342,-0.019509522502990873,0.039859236567824086,-0.06285298747056034,0.07903265973693441,0.1662876459442253,-0.0440291817886207,0.010025094044440852,0.02215541583887637,0.10308605295209206,-0.0038552445501932597,0.04930915658082213,0.06379288923890059,0.044678072296931104,0.0642809335456529,0.028794744494618163,0.06477477786986552
2282,2019,12,0.0353642599422086,0.24609866927098545,-0.00965897743239641,0.29329056921522434,-0.036560253375176543,-0.000809293788983867,-0.09154437036792518,-0.0636699534600893,0.06423094251358163,0.01340539746616698,0.061741098788205884,0.0013948377263668377,0.08438508652863974,-0.12994767730973045,0.045338800833021775,0.11424085199420464,0.03662345306811332,-0.041619958792238676,-0.08088649764205647,0.1296104745817559,-0.19232083987436166,0.05661277555156241,-0.025864173848933136,0.09243824388255395,-0.06140442611598573,-0.012070013372312283,0.033664714010987806,-0.037241224509682036,-0.0010675342700341428,0.012363924234774393
2313,2020,1,-0.17621857300734234,-0.15367573787448308,-0.16389944093147646,-0.27356068800838373,0.14792679384405938,0.0700672753012741,-0.07661345293105915,-0.07494220253330608,-0.23104805964821407,0.011995853525458067,-0.024561513993800355,-0.021423930938565428,-0.08116736900063348,0.006679155522955282,-0.08676801120686861,-0.11228640159722025,0.09558992157067503,-0.08774357076995587,-0.05960951146652982,0.024426733931394606,-0.1166383288117041,0.05952253776329064,-0.09462747692246942,-0.1425390855532045,-0.14305119176299275,-0.11331766623870543,-0.0628436633340188,-0.15517918649025497,-0.022163667560501588,-0.01484020264273267
2344,2020,2,0.15320457695024792,-0.07214699804289182,-0.02007951729204993,-0.11713304372250433,-0.14190213788131167,-0.03771637990541821,0.02168635625969051,0.07159952488492816,0.04972967773441872,-0.013862390728497709,-0.010108861714753115,0.022683014718441585,-0.08838181630447906,-0.007196592066345264,0.05452049510335799,0.12027248604113927,-0.2358499765728448,-0.017006291307282928,0.12018127876758022,-0.17345017718269506,0.21202378891318951,-0.09375428540492725,-0.04365418146518407,0.11489858581582513,0.13048568380234982,0.05765531133401258,-0.043409909725892204,0.04249422352799814,-0.009787369041907357,-0.019067130404726518
2373,2020,3,-0.08843268862533249,0.034527806784592885,0.014456292211474153,0.19277057687271237,-0.03487193042166559,-0.06971625515853253,0.052406105425619964,-0.044141194039741705,0.09758149263102478,-0.010833722664436496,-0.05407192228252711,-0.035115402247862915,0.09904276178701577,0.0010633074043824298,-0.03081723140759629,-0.11522830524795113,0.019052399912114604,-0.05787701231843867,-0.14488919281773993,0.16821762781509064,0.09991846637255386,-0.07850361105584536,-0.04746801335265294,-0.07126246322336949,-0.13448745002554263,-0.0432855422038535,-0.006911494596143708,-0.1087226697295739,-0.01304525703909476,-0.08233014546183104
2404,2020,4,0.0011233551056704094,0.007084265811954538,0.12593382566899125,0.09205949724127005,0.16645385395459122,0.08431112186318157,0.03803231031508858,-0.0244694646062823,-0.1747970968065482,0.06154411277051697,0.09243939473717422,0.05208568544011816,0.0031905578600011086,-0.0708288004166947,0.11389152528214574,0.10150460615450907,0.04537035099516884,0.3828211548427667,0.23070467954440255,-0.006178412140134815,-0.10954967476881705,0.19894443771059067,-0.0652352700533606,-0.0690561949228744,-0.04025347160183923,0.05857828152103761,0.047655855623102816,0.034724788214330005,0.08060500444789809,0.05063634934302219
2434,2020,5,0.039766299496300395,-0.039332333871574865,-0.11122517405234944,-0.05600411563374441,-0.03720523502640083,-0.08648446767746842,-0.15704613848378524,0.045531151128534786,0.08178718136901142,-0.018644726310996895,-0.027529680968801484,-0.03520819340380488,-0.02250018639270679,0.1896199421368283,-0.08343356923998735,0.013730746579724507,0.040850895919628316,-0.23384040889471258,-0.08868487117306045,0.09911729374206257,-0.15839427935940387,0.0332988033111441,0.29971156665319376,0.18337179290289085,0.1122910352785591,-0.11033277476633718,-0.014469178988949394,0.14419066230978284,-0.009408327875551792,0.014689596938434857
2465,2020,6,0.013448305870399135,0.0568095208169479,0.10693895721702784,0.030455041795173887,0.09750469824522012,0.00989180602562989,0.1350297946848158,0.13507784346528573,0.150169984516495,0.07872536487114612,0.008488969823562842,0.0623415480907652,-0.029110539341236863,0.03490916996343785,0.06171626565392163,-0.047111747451441754,0.11232359289823712,-0.005172507317269259,0.20969949500353446,-0.13115859560764698,0.40179580547023863,0.036983858864765295,-0.09402583082249893,0.021980465524623627,0.24386149994589812,0.19851132518730719,0.052143539381257265,0.1747328029967068,0.0465304739069381,-0.003551302974979964
2495,2020,7,0.1201192112207754,-0.060209953435612085,0.10559206400096421,0.0835102448893199,-0.04228791836940826,0.06308544343068556,0.07513427612911205,-0.01694388981094208,-0.01159437589224388,-0.02475674582536791,0.009462505698646151,0.009085675634544987,0.19705828354158217,-0.1116811892993026,0.04829730108953734,0.028643184325706228,-0.04507054780069497,0.06206219423336656,-0.0980712927389954,0.005328945050192546,-0.043584771813961254,-0.05674269585716096,-0.04585719211642336,-0.1225801271250081,-0.18790215683226652,-0.027154802554240187,0.05624942445093706,-0.1700559894446203,-0.026460905801991452,0.018883285845166187
2526,2020,8,-0.061278625082170635,0.268414174146262,-0.09021544161977735,-0.062315062378024755,0.020307970956464416,0.039008006701815034,-0.02194695689564885,-0.03537832241846062,-0.07788177465861523,-0.004414258748914879,-0.04589074260394732,-0.06588747437574838,-0.17618560797227045,-0.03652684327878064,-0.06566597360412851,-0.06459142645938254,-0.0529943114922754,-0.015420202123833104,-0.025772253337617568,-0.00955639372210304,0.19562619880142984,0.09023871260689931,0.04415093610827525,-0.041061632892722466,0.03890317163810697,-0.016441686305544656,-0.08691512103383092,0.027719165647107413,-0.056876150832214645,-0.022390271089755
