,year,month,pct_송파구,pct_노원구,pct_성북구,pct_영등포구,pct_강서구,pct_강북구,pct_동대문구,pct_마포구,pct_구로구,pct_관악구,pct_양천구,pct_도봉구,pct_서초구,pct_은평구,pct_성동구,pct_동작구,pct_중구,pct_종로구,pct_중랑구,pct_서대문구,pct_강남구,pct_금천구,pct_용산구,pct_광진구,pct_강동구,pct_동남권,pct_동북권,pct_서남권,pct_서북권,pct_도심권
0,2013,9,0.0,0.0,0.0,0.0,0.0,0.0,0.0,0.0,0.0,0.0,0.0,0.0,0.0,0.0,0.0,0.0,0.0,0.0,0.0,0.0,0.0,0.0,0.0,0.0,0.0,0.0,0.0,0.0,0.0,0.0
30,2013,10,0.010930057685621053,0.010943554768330976,-0.0005214984789679855,0.04656512706031379,0.07784296116177036,0.015081579729874894,0.025684213444837622,-0.0018415378473111144,-0.04364974140746358,-0.004560976120834281,-0.012811384997129416,-0.0011549682749509849,0.005364281990493103,0.015855170070731006,0.02596879559442633,-0.014249013546890121,0.002097655056407577,-0.00424709283042124,0.0011933171591747005,-0.013755479814793192,-0.00017767639193888574,0.07396101827784718,0.00019992389063516747,-0.009785567444398513,-0.042023791220377804,0.004529875768303215,0.02066452377282979,0.01631828988825168,-0.002956907116365093,-0.002625688184821562
61,2013,11,0.03265847353019402,-0.005290302521068324,-0.0021409110087929895,-0.03447684279022223,-0.05100967238875542,-0.021677730653619554,-0.010665938618372839,-0.028126544418336508,0.016265374307979252,0.015749573172942455,-0.023450419795101873,0.009542511023260536,0.014808221964676571,-0.055911693699502885,-0.037076552239060145,0.014667504396379094,0.040547000377906706,0.007957339502107974,-0.024088700404125363,0.0028094678500449888,-0.009546375456557454,-0.015749558851050227,0.03853594355829926,0.005647711708973047,0.015816637486336216,0.03939643732235054,-0.010798587955435868,-0.002927538330132373,-0.02509410595807604,0.04605798170782238
91,2013,12,-0.01605472943315478,0.03274359356510814,-0.0008027844780824633,0.06368616181890441,-0.036602254550157864,-0.01994246703034208,-0.021089336282243187,0.022092757811357666,0.0128350900594707,-0.023037187661596015,0.02222997906021673,0.0006088250539884044,0.017819237592799686,0.08108458897573012,0.05872580949937034,-0.028918123912340832,-0.01579721419364366,-0.007929419425271811,-0.005924888188926891,0.01013457269632978,0.06525634068047004,0.47460209992919333,0.03915977166030071,0.018278420681128615,0.04766456328672053,0.03646046758164556,0.021762241353600942,0.023862250395913387,0.041920658213983275,0.023545181627859346
122,2014,1,-0.002950504180727953,-0.01920236823757049,0.019568722811117656,-0.030408296794758316,0.016042679274028915,0.06046523460571063,0.08022457366445068,0.007952756545593687,-0.0007907313300252738,0.039755043175334626,0.027321411090581282,0.018276217502306347,0.033479284888615846,-0.054230997224162136,-0.03759780056796769,0.009050605057902006,-0.012332323669407508,0.030787582231506905,0.04265908849630673,0.01737944610400466,-0.03166638615100115,-0.33093621133193163,-0.021130694162161845,-0.006052877467854767,-0.017005196498990127,-0.014461359369830507,0.015750334237646157,-0.01357877488330439,-0.017638727966497347,-0.015828640541003636
153,2014,2,-0.020611166465493658,0.006520600973411339,-0.03007161668520375,0.191011029888434,0.038293000143263756,-0.0002563774799073659,-0.06391364161111923,0.008179536426975664,-0.02608315006597295,-0.014214537270817784,-0.008123743240728065,-0.006361736996821077,-0.02064648313140882,0.023634743377204837,0.04676935444542529,0.007901392128984552,-0.031719605695509134,-0.05257664378427718,0.02050141565662833,0.018168082172970168,0.009726045344045087,-0.0009164447759271166,0.29384835485295446,0.06410530891946875,0.0042069966785232005,-0.034788507367438104,-0.0024316704043277904,0.041871816994188515,0.037226048572295944,0.18605181998821885
181,2014,3,-0.03311140192171702,-0.019306315227401227,0.0354060919135093,-0.16066224397964102,-0.03380873546179042,-0.06608626343004376,0.012222029447829907,-0.010557763139646958,-0.006980665732920444,-0.0009996762055169972,-0.0442343959950563,-0.0007625622764049211,-0.01792304068156525,-0.006860278168857925,-0.0272951095064351,-0.014064200141057581,-0.01960052326404449,0.026489870489998513,-0.03299175625983897,-0.04716285509161722,-0.037882353128027235,0.004575241679231734,-0.22707536326444122,-0.03842043511389981,-0.026530413202050962,-0.03825932425791989,-0.014512922968999087,-0.06857953424130336,-0.05286696749381792,-0.1548610319195317
212,2014,4,0.03139449248162118,0.01043303254663508,0.009615509688159385,0.008823366424997703,0.008997575017312798,0.05064418931353187,0.017081172841602266,-0.015470578582585603,0.06096241877556263,-0.0069068249690747985,0.0038108128169982436,-0.002221957318398804,-0.013107718233326238,-0.0027194000314405553,-0.01185774336729506,0.016617184050554457,0.028878622749248573,0.0987873449586405,0.002676658779450003,0.02451013619997755,0.00985687921319367,-0.0037979461001951265,0.14766740168604553,-0.035069098928041,0.025217451061398943,0.04028694719276604,0.00897505802357812,0.015897404295114992,0.0077052138841102735,0.11764716291490074
242,2014,5,-0.03465255168630388,-0.0013572539642937587,0.012204536450380443,-0.029482169951593584,-0.033108139223831046,0.03229075681342386,0.04331694182833412,0.011296376593172397,-0.01613398062933069,0.043583060260458995,0.006307259825888423,-0.03274492081767766,0.01920594736628134,0.027567300861843558,-0.019355486119890353,-0.021426245762982354,-0.03764515776582933,-0.09762483452662385,-0.00956889450865095,0.04148575593362569,-0.04018066689642252,0.0032845461564565692,-0.1730246437437306,0.04633210339165861,-0.004275561138869399,-0.0120346968822298,-0.005056170749175193,-0.00013273962701831898,0.020349379650944854,-0.15103239759199294
273,2014,6,0.011848017089659324,-0.007751232906109462,-0.005576856940166075,0.015735093130776923,0.009453210390216737,-0.027175783000676468,-0.016238451101784346,-0.01879599898218942,-0.007727192158293983,0.08861275535908453,0.014391901945794983,0.017134325997020472,0.04552229225227955,-0.03709170096570891,-0.017147146536168334,0.01661435164866698,0.01530345079797657,0.06932817570135796,-0.019035302567940948,-0.018688922657388862,0.0439196347659776,-0.010576566762999229,0.007751501913235481,-0.04152507401429639,0.004938674385259745,0.018904186461180528,-0.011007357463728829,0.014712992150460957,-0.021315285657447558,0.03177967611865329
303,2014,7,0.002808096352313827,0.0064335321149249225,-0.004458292077178405,0.04220610373974076,0.014565909236454955,0.006916622613635015,-0.012717437930823139,0.06120753678306423,0.05809531583079286,-0.10582646262659356,-0.00023849252177388092,0.02203118243465374,0.0060448038651965685,0.025291276054466127,0.03435153391690937,0.005614391577343669,0.036131510288943236,0.0749754721113638,0.008636377479051438,0.043174624222849234,0.02081406684341025,0.05029813721671794,0.005795228769059468,0.04775187488365784,0.017532037159326608,0.01569738427629752,0.0004610333270382849,0.0020531591938328653,0.04054389724856433,0.030629359533653755
334,2014,8,0.018207019374007816,0.02183465784241201,-0.017645576551013398,-0.02127501350195493,0.055371444020167804,-0.008006734284387584,0.0648943039199934,0.004293057088093244,-0.05021988618762274,0.0053326418462908975,0.04592920315442228,-0.0005883876874698268,0.005949924062565559,0.0068912732151227285,0.06335347416000192,0.01498396247746836,0.0018950668025172757,-0.07273353406847427,0.037041953741450806,0.003989175682279189,0.02954798884382126,0.10617082194287941,0.0527310042776874,0.003850525244853298,-0.016852884499851672,0.011793124829581725,0.03424269965552784,0.0071492545231448545,0.027745202655565127,0.007611789657471002
365,2014,9,0.006844520583293434,-0.0031181656247974976,0.0005848965103214532,0.024778920440675423,-0.03644113533416016,0.032469157345333066,-0.041692418537407794,-0.010551645704415025,-0.0007556772213117569,-0.01898173575667239,0.06252429192093212,0.014157597648460252,0.0015790597718452482,-0.007193644637824459,-0.0198655366630085,0.007391549232653061,-0.024599427861155876,-0.03310133561738127,0.0037908296372333172,0.015346613580039303,-0.02451802453404206,0.2141140589926811,-0.018396712630982748,-0.009813060839448329,0.012849939439649072,-0.0015036762192373043,-0.009224879261066743,0.031343494813623085,-0.01383338860127159,-0.02464534134868468
395,2014,10,-0.003296188577885495,0.008509107170423968,0.0235196802031441,0.044821614386636455,0.01884649881427336,-0.006306778930493917,0.002744527705685895,-0.022412611617496414,-0.01641563207596297,0.03916195744376916,-0.09340167101457209,-0.0155209855864068,-0.0035176100917976294,0.032662053639483046,0.014249799589263423,-0.024543122873158407,0.007876560020668055,0.06552595390157667,-0.009535831960706953,0.06448883984511089,-0.019847610332178744,-0.10871890601667467,0.04775329354594948,0.0465241757611643,-0.01806345085329708,-0.009907029247006371,0.01748185818688741,-0.02055793845080056,0.017044696604822995,0.024914732571410303
426,2014,11,-0.07391145462457493,0.012528726026964865,-0.022442143605889253,-0.0235256213276418,0.0006945966715627971,-0.039966599555445015,-0.0003249014901776093,0.009783903629445367,-0.002549637309874231,0.0019745139119542454,-0.040155368921721,0.020371015909884882,-0.03414595159126965,0.08978662850106178,-0.00874707522890883,0.00528434887631124,-0.027032514660319973,-0.043775168753994564,0.03738497292368259,-0.05505313184589333,0.014145406653565118,0.04828155576666315,-0.04067385186578032,0.005863680609134558,-0.00799186379232708,-0.03531566498150307,0.0138381902683955,-0.012128377360630327,0.00798578604064315,-0.03644725495757506
456,2014,12,0.05100035491146149,0.009481147680606483,0.04160336482431237,0.051786529232721756,0.0022488236063289424,0.011818376897565042,0.0052685204034179645,0.01910643992182237,0.0422217054942684,0.02675605580185758,0.0006384903088632043,-0.011876558942840454,0.036347921394059624,0.006881027269444617,0.01250679968215529,0.0018250435694520117,0.05773114648356237,0.037796462556639376,-0.00533758146565666,-0.013418039279135763,0.02655512976016272,-0.06771660947240876,-0.012247993441881766,-0.01024266149449371,0.09946190521256626,0.029581699738163714,0.0025945667662370386,0.020647859622475506,0.02290245233049193,0.02105583225073926
487,2015,1,0.004325744540862875,-0.006597172634361992,-0.017497045643998566,-0.06597364963784436,-0.017325198734572722,0.07589824682408541,-0.0035279691222266374,0.0015466948469049502,-0.026652430905786395,-0.011552990700983368,-0.0010739151619821863,0.009140559268558057,0.02403482735627649,-0.06801161924917642,-0.027536006388152012,0.014369147198883603,0.02900360060227425,-0.08902617174437166,-0.005565330323422879,0.011872483740652973,0.010199627318219662,0.1703424466706296,0.10597529085884894,0.001531041423542323,-0.06760428861793366,-0.014898361120529113,-0.00864866185949864,-0.01343252121767391,-0.0175082520569515,0.05443607324685207
518,2015,2,0.006871783658417563,0.004570349590963474,0.024936582023142417,-0.0330408005294518,0.029288813587349916,0.009689183460384942,-0.023698893565036627,0.025941562835500642,0.020893549307363646,-0.00915960594897991,0.03169779290117236,0.05284417737846936,-0.013022131368107814,-0.012734842948637914,0.004781244261385487,0.0033408056563779542,-0.025399309529388847,0.0677770326343019,-0.013904867119450048,-0.007387540415607408,0.017664041142840592,0.014032997968919325,-0.022586489752147165,-0.016555934116376014,0.02755804690040664,0.017107160702195312,0.0023790954793783126,0.010443742093244834,0.0013533744888840626,-0.006619951580659755
546,2015,3,0.016862686083116696,0.0067760965417775765,-0.0014860656925088644,0.040936595745279414,-0.011793365849595006,-0.006862374863571663,0.007603600304469049,-0.013733246285595135,-0.015760772899174325,0.025933979905103488,0.025385102607026422,-0.031585264302123495,0.037644328796822224,0.0032030927992481306,0.03255393085056202,-0.0001677848126321324,0.008342094598836836,0.05447542675731332,0.0029411349004022647,-0.004220295980358779,0.019022283456214373,-0.14957497032669986,-0.02318614975008415,0.010892570661766632,0.021805483608762888,0.034219910979431445,0.009866348640863887,0.0014694273115640755,-0.0016873987092730358,0.001741858366126392
577,2015,4,0.015508675017887441,0.006192273563329076,0.008751706166053363,0.022859656701406106,0.043340946217225396,0.03522484266792758,0.031254117285612226,0.0022664238738183684,0.009431398609538455,-0.014174490560197262,0.0010593508384677541,-0.006810237703793964,-0.01860291011713011,0.017634755715791206,0.08394217664092185,0.007044093882234259,-0.0024561590055180993,-0.051617451940462744,0.013713654889129234,0.014330126303455426,0.014736446303451167,-0.09630661389796247,0.02329513459562005,-0.025884631189155738,0.030144488133092562,0.024030133443262214,0.022058282863113288,0.012702021082689141,0.009090318545237785,0.022935681125267893
607,2015,5,0.03671349636727661,0.007812829670779342,0.004662047647785661,-0.031521452575819064,-0.010632336235013473,0.024182831654992354,0.011055289983959993,0.030064499050523663,-0.020447103813910905,-0.009632826429820218,-0.01643894935758594,0.026033195043510204,0.0071762415469753815,0.016476133687952643,-0.04794443421622274,-0.007420341191564539,0.044979065017648034,0.06581527507836937,0.0009668777144888896,-0.010278116442502538,0.026962315263575398,0.07481323183610034,-0.0029669528672296996,0.050634068894265916,-0.03606014565333715,0.021941898170033447,-0.007395005864826776,-0.014268942332087642,0.018025441376596785,-0.0006517484811202623
638,2015,6,-0.02780005541048247,-0.002826552912299163,-0.00788503358888637,-0.01602019131088528,0.010814897301667958,-0.04055850493230129,-0.015176697788521043,0.01122880188165798,0.05086078892580259,0.003096345597152661,0.08160121571899359,-0.0013629351345791907,0.033089286755343617,-0.023489441387976817,-0.028274532636651806,0.047794144431385854,-0.04513936423693732,-0.08030112826768454,0.019381672049136878,0.059527566580561686,-0.02099569017230052,-0.09084407106785375,-9.371076600783734e-05,0.00025657103127962877,0.03424749202076316,-0.008183303217876192,-0.01072107105064457,0.024809673392773623,0.011864955535332511,-0.02885496894508388
668,2015,7,0.004295500533892493,0.020851993115027057,0.0017529809767407034,0.04915666129031471,0.012984259167287071,0.0353727532567667,0.03319822051257315,0.005328467303433282,-0.021031097680894395,0.01173284758299542,-0.035634585625232584,-0.004957022576478565,-0.0045746626358956766,0.019916135811108182,0.019370075094415684,-0.0035744122061474037,-0.01081562079641718,0.07086907164604295,0.0077701161504755145,-0.007719628836168613,0.04698049526134995,0.03213739892024581,0.02530150368970374,0.05355129954781601,0.0034087621201970286,0.003877485256695623,0.01446466931815138,-0.00012506191105621234,-0.0030090913817848453,0.027260378361606108
699,2015,8,-0.0027578278578328508,-0.00495920015054363,0.03288130431717784,0.012778287425005086,0.030167785008932135,0.010640131488533822,0.019324906516846596,-0.0205421523003545,0.03619898988892478,-0.00881261465766936,-0.020791589324497872,0.01760948138126528,-0.031747053972639105,0.02772719485752151,0.018328116085163826,0.0033198307326414156,0.02495735203502436,-0.0739902777391086,0.02877414137780332,0.0012561513778384104,-0.05473224083030459,0.009176991683579994,0.044763793611390934,-0.060309843839487676,0.012581129873833863,-0.031504248657303724,0.006197040511591201,0.008491300051733264,0.0013620695948057815,0.004498455080666597
730,2015,9,0.05357023629729829,0.026198240337240497,0.008960285672158674,-0.014346920578287459,0.06768365156987688,0.0038897590615478705,-0.008219073794645815,0.024077232263264525,0.013183033553352708,0.015145393067749424,0.04517829342359647,-0.00681519485117843,0.0463268125089662,-0.029183023652727402,-0.020002200708955642,0.24200674794876487,0.02076037164904787,0.044066186160742093,0.019825587792311028,-0.03547673679896435,0.04241824596085797,-0.0032007132240589042,-0.04641458840907842,0.03140262519774373,0.020748051215464525,0.05458048628204071,0.009525541608064847,0.09859966493216477,0.000411548481316526,-0.005128645430712675
760,2015,10,0.016950659717174688,0.013273082076202147,0.016077270355072004,0.019664456014796716,-0.010175084555805625,0.01492528180927577,0.03384882892108254,0.0552139948580983,-0.014612013655762923,0.03395598458255744,0.06052266196620004,0.031213397331462556,-0.0013007765058121734,0.020358069375231214,0.017484318803649312,-0.14708111353741016,0.01163176395443588,0.006323746611136327,0.14136096063334525,0.049786526371257356,0.00548610384822501,0.060569343391398967,0.041898382063879636,-0.003590457266155922,0.0071007693942537475,0.015148826195364284,0.035487013172313286,-0.038905962175045716,0.056005766385116784,0.020786753504604905
791,2015,11,0.010071467678687274,-0.0061905811523985665,-0.02531368261078737,0.00302554534316668,-0.020405774660570253,-0.0708631184577182,0.020752859425943404,-0.005966638066304819,0.009747575691688715,0.0007424401200881725,0.05234606573022904,0.02579345507643538,0.030296781113324567,-0.0001921402548192841,0.06105764167519023,-0.021012809992622117,0.01667479541568273,0.05668741292268309,-0.04282737898927769,-0.008717564713409343,0.02908937065144146,0.020420666585233782,0.06745396447295349,0.022539546060934557,-0.017103329732046424,0.016598718122172507,0.01482224640929708,0.014753021391198606,-0.020302308658608825,0.059824347901956676
821,2015,12,-0.08713924356611957,-0.004318497098507179,0.028593257279889484,-0.008462524919491843,-0.027072115105691186,0.0017310527043701285,-0.024389476564299573,-0.029377984803357515,0.0036881272941953203,0.03439049921807058,-0.09416032685787601,0.004592829581445024,-0.03499205878206457,0.012149116776918545,-0.01778518702695009,-0.007724714788286402,-0.023887265468874874,0.04090131493998439,-0.007282815382899321,-0.002076542209320631,-0.042587391402624464,0.0063399698139059435,-0.07076780962238982,-0.005010094941599763,-0.01599621784427685,-0.055894160727201325,-0.009563519707465495,-0.028523813289148436,-0.03585059099203558,-0.03861192290358717
852,2016,1,-0.004754996247157028,0.015066379240947336,-0.013944240673814168,0.006777838773056599,0.024416556423471514,-0.032059396911323756,0.011797465726517187,-0.0014785710707754252,0.015136120010851517,-0.03098416676544602,-0.05933527946776518,-0.02458141007646064,-0.026821889897706952,-0.011801942230080908,-0.0450704622041086,0.02231090356834975,-0.014663871097519099,-0.0031292240563074447,-0.04825061190328406,0.006724574716829412,0.015268062333156918,-0.07690000746243564,-0.011065837468305584,-0.0013725031806706145,0.05168242800221812,0.0039836505829038416,-0.02332027107315482,-0.014520309659070252,0.011714308215288405,-0.017200054871105208
883,2016,2,-0.022497668836882534,0.014793346836112331,-0.016245769739824722,0.0045938456006275885,0.021172247792121013,0.017918934157789224,0.007306532278369415,-0.07007631004293458,-0.00731139888697252,0.04463073581371768,0.0119681853103617,-0.011187513268642979,0.02082561169316688,-0.025246828520261055,0.02769717783101333,0.04406460658701872,0.006533789396221401,-0.05923788294609689,-0.013550854803826562,0.07054748648251485,0.05463766232206391,0.0837892787927681,0.0802228004109602,-0.05036268340638084,-0.020970090551350018,0.011230082299065192,0.0002413553783757738,0.028127800858358976,-0.022824817565863853,0.00716154728493823
912,2016,3,0.11278119103011797,-0.02600007779872615,0.010389651664317157,0.010080527758965507,-0.00867343246260488,0.015567801024726213,-0.0053631801457696415,0.043444656687681826,-0.028398020750383335,-0.039359368339261125,-0.029668288320366942,0.02502549853111269,0.07509511268511648,0.0330501756392485,0.03830303760359888,-0.062423671539517,-0.00709796555389941,0.054239773687170256,-0.0032491010374434692,-0.012618882732541081,0.04115978054718328,-0.027058776815400698,-0.04817296887255629,-0.022090130268385466,0.030079962993630582,0.08499816176117281,0.012170335716725988,-0.030168309624351797,0.019452629939191057,0.014479543656517269
943,2016,4,0.051081566484350915,0.02993169857952349,0.03139450951955647,0.035039197506856246,0.04472546511573161,-0.008021565701489153,0.038684238771039325,0.05038313591949639,0.02996642710686026,0.04711046828397425,0.15038342226502377,0.01035840469789262,0.01869212930536568,0.031552122021400564,-0.04094150946562103,0.010587863124557506,0.02117623684910508,-0.10090121624974391,0.010586558619010589,-0.033184396239043346,-0.027676919853458437,-0.01993153608453635,-0.008519167945821637,0.07795913431336743,0.06476824508174439,0.023544850320951882,0.023403596432446827,0.051081599255786925,0.03725085489106905,-0.01371111241203371
973,2016,5,0.024085283927214318,-0.005157504237125798,0.0005359263832920291,0.006897551173786987,-0.0002720533786401136,0.037797350482191794,0.001740727420723731,-0.0022108224658642373,0.05510801131634513,-0.038464171498685085,0.047173240278526984,0.0033808444699223728,0.017938409920395637,0.03703614658682253,0.04593373582933591,0.01784694437531864,-0.0008381958632494024,0.12035876343349194,-0.007884686872546731,-0.02068665192609287,0.012660434201126947,0.011372661424164487,0.16011329015107312,0.024605367225132957,-0.040337968425053994,-1.0309922925388904e-06,0.004077749212380688,0.028570723085969307,0.010098431115681539,0.15064708738001187
1004,2016,6,-0.03947591885131374,0.015512598126375954,0.005828391698777802,0.016045568433422197,0.05332568110411162,0.0386530245677843,-0.0013922257712191133,0.03325999089373277,0.0088527185870666,0.03139926183431774,0.04154250667370296,-0.0027178910714811266,0.027117235738245427,-0.035679464564505325,0.009017435818624353,0.03437426108821495,0.036904901825691505,-0.04660982632037336,0.008565729253128707,0.05627152608070074,0.013747742990185552,0.0322793356227018,-0.07805253931477651,-0.03512270768560588,-0.009837750366727294,-0.015732783237091597,0.004380320462763265,0.03698533120513803,0.015719558900685104,-0.05152051532659152
1034,2016,7,-0.021595609588997644,0.010217471021561453,0.027919749242997893,-0.02078964922531812,0.0004905017622269803,0.01807109138972751,0.0019318459003574429,0.04219360073841316,-0.023979595694532008,0.09164025822701372,-0.08096247777004151,0.030285219803763308,-0.03721593576019955,0.03161376908635405,-0.010798778999415726,0.004488782221645282,0.0063707189405788345,-0.0328313924239374,0.01500040473019415,0.0004838085860394692,-0.01562082309059909,-0.01493904204955665,0.02266105473002411,0.0332904321842773,-0.0005908317120395523,-0.03541021017044277,0.015328892599110855,-0.024111534074316987,0.025798722673369356,0.0011523702284048642
1065,2016,8,0.008787267735859805,0.010546778579515248,-0.009525505802078116,0.041593641664672276,-0.00026429286935081286,-0.013600118062809807,0.045901911163476194,0.02644982635574289,-0.0025834563499674834,-0.0710133172863654,0.0704794456725244,0.008478447933959465,0.048337166278610955,-0.00470714581839593,0.04217094054737047,0.009926200122494677,0.015255221073923853,0.05772966411980218,-0.010015192769667336,0.006708897238645539,0.055345247637773154,-0.006911291852073731,-0.008079217602202537,-0.026292104665363802,0.0025130094406873305,0.028000130433795123,0.01043078088668592,0.016062512616960678,0.024147702031350526,-0.004318125912719739
1096,2016,9,0.024492650577758512,0.028638477008017027,0.025576571313179475,0.013771879810933862,0.03198948054077011,0.027780903976089233,-0.0024749087321902508,0.0006719822458562952,0.03277076092886366,-0.0006242631582760172,-0.03659666029705111,0.008134331026341313,0.00717880292873363,-0.0005527520413340925,0.014181301360497445,-0.012422055146463884,0.022963265382653475,0.011503743497373042,0.010639543470122526,0.0508976554311793,-0.01399486603285871,-0.0032957053822088023,-0.05744151447196644,0.03713649214805326,-0.03821994419520269,-0.00316809812726071,0.014278411223843879,0.002939247233640696,0.01368372990273592,-0.015273724382099063
1126,2016,10,-0.019744727097070425,0.016991043311466614,0.00826286103956475,0.010730124575312194,-0.0002060484642772975,-0.010642108844352682,-0.011732185579772625,0.014600997854337106,0.015859326768361326,-0.006125391389715129,0.0064541733240224275,0.014994085553677428,0.006862489167472452,0.0011463773303090896,0.036959966751481055,0.019147635343715885,0.0019238301850719175,0.02774974031573829,-0.008248092533021278,0.02191673668134042,-0.021393763890015016,0.04060598555786399,0.0793247778593642,0.009033181032617188,0.026762054573245653,-0.008326226793164304,0.016923225834126976,0.002562243756022875,0.0066561277551389075,0.022208510166538353
1157,2016,11,-0.08294584679225914,-0.003482625008250806,-0.017369772648575865,-0.0006133253363228564,-0.04021008925043423,0.02957832114516723,0.043740651700686195,0.009687680679797639,-0.013078846282682077,0.03751629887389307,-0.1011307987402591,0.004040798326671702,-0.07811086427340441,0.04147427266913373,-0.038376012540323745,0.011446130098675678,0.019294479882508542,0.03425095754565888,0.001768181384194767,-0.01861684842506195,-0.07669620136761912,-0.02867907216878507,-0.05819174075133127,0.002703358284378954,-0.03846141365036149,-0.07668263560679844,-0.012021332580954391,-0.022892796035337226,0.004141648510534335,-0.024766841306415044
1187,2016,12,0.10169797482337817,-0.013065466115719127,0.0037648897362585476,-0.031823119801302036,0.019174045979450716,-0.05678224367070883,-0.01819534197993178,-0.013319838910251791,-0.0011267205153704385,-0.01470056050077595,-0.012321931774074812,-0.012763479854486781,-0.020746030440410013,-0.07679507374912176,-0.033700788138449456,-0.025140864600335933,0.011009514813955956,0.030674028676850096,0.02215005057116959,-0.030493145583631143,0.09047864611954815,-0.010064435082737244,0.10521173470494372,0.011796872219913324,0.04690949035038061,0.09293982556074676,-0.004575399406526848,-0.022013747673321094,-0.03331405387679809,0.057332563714047824
1218,2017,1,-0.022796861422414882,-0.0024074886338336654,-0.035507562040327345,-0.0036309717568533406,-0.03386385677081549,-0.016765866556341047,-0.006994744884396442,-0.006213826829426505,0.0013922305779492383,0.1413069499475368,-0.003640024229627281,-0.014867438623220153,0.08801860221750757,0.11586487427007564,0.09037636592554743,0.01179887390121781,-0.03254608262213421,-0.003979448062801594,0.0050843154353934494,0.05461224193912417,0.06613802177373751,0.058787562492306655,-0.07383310210962357,-0.058465613381474824,0.058236760955523215,0.03809068445990249,-0.001164139434554734,0.01845412275226299,0.044792233978614204,-0.05892563212499802
1249,2017,2,0.02792750949459233,0.01132281632832699,0.03299932214978285,0.0443926569191504,0.03809174271120952,0.023569303035222422,0.017319846802340777,-9.055105870714453e-05,0.000735554937969285,-0.11502197921436808,0.054872661495161346,0.015505833941026781,0.004249275492660631,-0.06154018518682769,-0.03858411105848769,0.003339473545054039,0.022828677774255235,-0.038953495652516934,-0.008807897738317028,-0.013088005793938984,0.03995846949061921,-0.008846972165082678,0.021567016450610765,-0.005294953234047495,-0.0416224170648406,0.016357660971131116,0.003374517341765637,0.012875228040626574,-0.018082108193924085,0.048921414201521296
1277,2017,3,-0.006354450762003583,0.00492657617908443,0.01316923344485077,0.057565952067061055,0.015055033508200477,-0.022713419367876964,-0.020437024925327507,0.007887110185998525,0.0126895462887886,-0.04582815505538185,0.04430834391485883,0.006409803225918109,0.015142949093165159,0.0015643139412104823,0.027857390195511256,0.027435384072438174,0.03616961569008126,0.025707524712269114,0.023172325255710335,-0.018093610635659396,-0.03348397218482202,0.003529320212134035,-0.015292786626747823,0.04053161464362809,-0.003988346797078823,-0.014828086688691733,0.014660854617114083,0.02373407327476018,0.026724669368429765,0.008033646676049555
1308,2017,4,0.039888038132398496,0.009755597794846249,0.010249210362964112,-0.018014540965190617,0.011328406502934651,0.039098288750588184,0.022405658876433865,0.04077231345800425,-0.01371799826025688,0.0025217939826995828,0.11966248686815906,0.02164618694299758,0.014712202642180872,0.021013227494184106,0.037832858822856696,0.006291485327019508,-0.03842788304984435,-0.03808286097778135,-0.0047546619325347095,0.07627047381549668,0.014543176975203354,0.020840863528722497,0.027400990110401757,0.062110604849091144,0.08196240501689567,0.01424725184099862,0.03959784881982609,0.017575655228774467,0.037701595696661316,0.015383950543751412
1338,2017,5,0.03822114790333697,0.027105836805827233,-0.02935743461974194,0.01061102682116144,0.05335641302777061,-0.029745407051508965,0.03157705796712462,0.025697337567351264,0.050552568288743105,0.034675336874849805,0.09058831293145819,0.024082834243390527,0.046742124636089066,0.017770718526879392,0.019465281467271556,-0.002833854307619954,0.025123332202226845,-0.00792295753220551,-0.019694188113545175,0.037551202189802124,0.035867517157789575,-0.03302561179144514,0.06404581686289634,-0.02600429707396512,-0.05444502662934836,0.02904908932505279,0.011349560850656415,0.048986299190844296,0.029358319180661452,0.0637843373418292
1369,2017,6,-0.06137134979236458,0.015711558006015425,0.054856173945338815,0.015267506481112525,-0.005780799910214962,0.09810726306376338,0.004937298999717621,0.002108826133444097,-0.0053138519635642645,-0.008390133488537677,-0.054571903977314706,0.012118993822724411,0.006519879460245459,0.01138599692579989,-0.03771105667025143,0.005353861695424289,0.018404296393472963,0.04478408054748062,0.031653951748955134,0.011055155844966746,-0.0445878853990026,-0.01838626662419729,-0.009287428938239528,0.008189132907477248,-0.001219224255883944,-0.017844835515749113,-0.000608643761019656,-0.02440703987183479,-0.010442596019169637,-0.04066659261472805
1399,2017,7,0.0890026041866796,0.025237900749791153,0.022979257657078866,0.010683584780916577,0.0225667364217077,-0.007136744659673067,0.00041775874221539055,0.026112123134000464,0.0245880059174739,0.0635266312999796,0.058526181059898486,0.008362830399610388,0.04980201348581925,0.028730453693068814,0.03755577268655386,0.03484517238933149,-0.044114006535631245,-0.05505886655136327,0.012124512475538696,0.012286157179041801,0.05870416738329953,0.02663214509044698,0.01998249504876659,0.05883170939240845,0.07527140188243964,0.06631036099623566,0.013608711534013329,0.04757754249297519,0.017591622523849493,0.004738485875650511
1430,2017,8,-0.058677495128856005,-0.00949761337603916,-0.01843127079786755,-0.018019883014341653,-0.0431677406449662,-0.022870558546688402,0.1237082820633717,-0.01775725461673383,-0.030937911981016475,0.00044900562115168796,-0.15944775422455992,-0.048766148877678384,-0.10047227343156473,-0.04224495312756693,-0.013024954024487445,0.01096406601970723,0.019743097152824296,0.04804154069313693,-0.0056813121264100985,0.008625159835512264,-0.06347588997010034,0.0326401357427446,-0.013339319194926702,-0.015880478505789775,-0.031078850455522722,-0.063783770191147,-0.0033748483595407164,-0.0656922561756712,-0.03682490507781322,-0.022310940596441897
1461,2017,9,0.14891613201711884,0.016350198251385395,0.027092906968688935,0.06109150391678475,0.06674783509897564,0.0414181259599824,-0.08852727682155093,0.025486883753191636,0.016593860119658688,0.030200167230713948,0.0882462829393118,0.030930585801139054,0.06799567379335003,0.04969812114167427,0.08231696481971951,0.007793067928285602,0.10869503422837079,0.08237889515025376,0.010815947959242456,0.05081667238177001,0.050841918748618875,0.052960562945347345,0.15305285472982266,-0.004470215785555287,0.036918630214053616,0.10445224291704935,0.02804677686335766,0.06253612715668999,0.06843279808156577,0.1346209942337977
1491,2017,10,-0.030948989165504925,0.0034051813827564725,-0.0018694326666830463,0.005086223710744298,0.03329644642692764,0.0202616431648055,-0.002674258307424071,0.011666017697048892,0.03002470884953179,-0.015181626580456076,0.09820955419479427,0.01779445367985888,0.01157792011326797,0.01644175994840147,-0.005971471181753341,0.023918633555278124,-0.01501478476860929,-0.05749051465412136,-0.01851970900615485,0.004509280427418272,0.01705522826394268,-0.09151413519482243,-0.08287685480705165,0.06748949750969069,-0.002795698699068039,-0.01332448169916245,0.013241344501710772,0.04050748545553917,0.005725916559223609,-0.05874127504102877
1522,2017,11,0.046467984341772794,0.024468723179470686,0.015982064531392615,0.03646863873940509,0.02021584788689812,-0.03251563133040436,0.01636212034492468,0.005764008717831448,-0.00439636738893745,0.03072005939898448,0.1277711665806256,0.017070129798405276,0.06346967810358617,0.02832355824281918,0.04416677654211809,-0.0019266241688563612,0.019035801498133553,0.01801178933711345,0.04898470455868331,-0.006807741367806486,0.04647478738320854,0.08312643291515376,0.10508977701271216,0.03225062969433257,0.061881835681386166,0.07445150438751491,0.043050405401949154,0.07506845348088786,0.028190625995476504,0.07932662222368236
1552,2017,12,-0.027346119534242708,0.025101375523469027,-0.0056921940482852484,0.02992251408920521,-0.006120391520119672,0.11707389130012902,0.032533420622027576,0.0036035289605469423,0.0487507518755137,0.003791806726712199,-0.08289054583548794,0.0224594042393762,-0.03027557753001009,0.009864938767877751,0.026054476797137127,0.030651253200192352,0.009121138709754506,0.028732387113515667,0.019321103915709736,0.02951446898849408,0.01524691735141892,0.05878745573681621,-0.03722135365928736,0.008033037737424475,-0.004087746316225882,-0.02250252332817293,0.030946018383385177,-0.017394938055481646,0.010148391810737456,0.008759388345688235
1583,2018,1,0.025832631301148767,-0.008804641499502552,0.011280093048880335,0.029076084066897545,0.007336533802283718,-0.07563255774320521,-0.03279272956458812,0.047404594548110746,0.0057317498474984685,0.01634749592165341,-0.05157088719548031,-0.02286001018278172,0.05560822690210587,0.039165180645842845,0.036361658480414505,0.013848460996988221,0.005376903896452401,0.03918276793964326,-0.03441660588645701,0.0055820984032837195,0.014498368576714604,-0.054591163017510325,-0.02822163551144341,-0.0013704139620392963,0.020640529370065108,0.004462659446834438,-0.011143336548262939,-0.007437105470193384,0.03197642646311749,-0.0246074706168401
1614,2018,2,-0.008255899855847182,0.01340292530416165,0.004240931919111235,-0.03966761258013718,0.008350403392276329,0.023237031416871057,-0.009708427665639618,0.009482821780929518,0.0015666869378987425,-0.009657873030619712,-0.0931589487564175,0.039134398340755494,-0.03818392449155428,-0.022953510627443108,0.022191230962934627,0.03125338872927119,0.054874890573306745,-0.03763978668865153,0.027729511594626555,-0.03372090161534935,-0.019979393604391493,-0.00470371666331959,-0.009638961346539077,0.020590404974945464,-0.02005327971220905,-0.050186138797238544,-0.028157899442643575,-0.03610410183815538,-0.04523677455880437,-0.04032890725362681
1642,2018,3,-0.0063465104026904084,-0.018730672743706767,0.003095000601033293,-0.009403473261600737,-0.043715768866096405,-0.003806012530356395,0.01850057512950065,-0.006987352775456479,-0.02914406429487204,0.027434180474033454,-0.07858202533580128,-0.024527622462976573,-0.04089873035804048,0.02015716935987144,-0.029485968411901098,-0.008058240414489992,-0.03204829045022706,0.013003051587133552,-0.013630424642694927,-0.05105274340959587,0.0848184721991112,0.019820256005244508,0.0688712798434663,0.00020499197566303806,0.01599845158197022,0.041551789894263,-0.0358056423549703,-0.03952773610012217,-0.05102599355161763,0.05006135614745477
1673,2018,4,-0.03686652416200975,0.0011501408506209287,0.005691817611346073,0.035963813848725934,0.009300271136142735,-0.0018248167882481958,0.02813632449362946,0.01921472338722663,-0.00432138277956462,-0.025792265407803106,0.0066138084514506534,-0.02701788400573868,0.023845923527796353,-0.033104830882227154,0.03476661157399019,-0.00829703252514169,0.03181097637730934,-0.05397302972495266,0.0010631815013906198,0.04246580347745699,-0.027119462932376215,0.051340239368719454,0.07020537337730381,0.00036620847800294953,0.05995699077254901,-0.013674320865954659,-0.004779756915750166,0.0051570068788258094,0.0028690104358108925,0.04888875884582711
1703,2018,5,0.03336242601199069,-0.019723543692318435,0.004250041486886014,0.025348273026285506,0.025041080678561922,6.121669959280318e-05,0.019728330793290283,0.02227169315238431,0.019367747383176148,0.016782497009616426,0.06841254734973745,0.039348768736765294,0.08093357084541886,0.042856212350105505,0.029307726831204084,0.008432473422671727,-0.03099589080973253,-0.02326769762056413,0.01974208416829404,-0.03219115572539366,-0.005922847249150598,-0.07322602864100103,-0.0831031988830454,-0.06561898991385862,-0.06228659236928891,0.011218132731439345,-0.0035775427630254653,0.022495895337187877,0.023982140635152138,-0.07544579851623068
1734,2018,6,0.04117884506562697,0.018806853169140325,0.00020957202168059297,0.0070945863426012945,0.008021755834968225,0.03410828989316794,0.08074060339375588,-0.014054838319602192,0.025908129500740396,0.03951009685546625,0.08725836375859064,0.03148239270201558,0.043108092567223366,-0.019607755360257495,-0.005245197642120392,0.058074515099731716,0.013114729989906593,0.10190177923113675,-0.0019309245871617087,0.08617130268072337,-0.02477370986439076,0.0729298831195162,0.03002980745319883,0.039049709942548416,-0.00915013498081707,0.004286530095855445,0.01528270892900263,0.029277491682991208,0.0001042755554154784,0.032201325302134265
1764,2018,7,0.1986972300532448,0.04409119161853026,0.03971612395655355,0.08004371750826955,0.04450175313276872,-0.009841053922139631,0.004504678219065417,0.10950864421219708,0.04148989844712836,-0.023356376588654304,0.19684763276330153,0.007652611695982747,0.0763765849300031,-0.0005978954568601758,0.0762168759009616,0.022022345209052663,0.062255175659688966,-0.012127426340626024,0.011143848342230145,-0.027096405636633958,0.13666216203471104,-0.01035579570972045,0.118880036856297,0.09405472650384317,0.06515578256317833,0.16442672621993748,0.06101267891049389,0.08487844251862553,0.10660799341572602,0.1295536759283542
1795,2018,8,-0.08371926181129974,0.004377658725962297,0.016002926328147593,-0.0033058731310140477,0.025125712254920884,0.015555071470444659,0.08150718513594835,0.049399919608466014,-0.0293602444720924,0.007960484561909453,0.023894902340287016,-0.03115701210936772,0.07064519504865063,0.013672417314739338,0.031034278309405527,0.0815254953182536,0.0017908071451844254,0.0,0.032773343905524666,0.11914861793711085,0.02377952338163869,-0.001274246948138602,0.024148541029586523,0.09177983407218715,0.05254262186387071,-0.010543398362120704,0.04058546815145814,0.011784343988009649,0.04268853628263969,0.07280968373920671
1826,2018,9,0.019988963508699387,0.04573432147856438,0.03311707596383662,0.07153239996641503,0.031133094799943972,0.017832651006309153,-0.01110744713753442,-0.025669340303042243,-0.019754344235892174,0.06796448512002873,-0.13105459923108687,0.02621222002888457,-0.07114451952957357,0.007986839418223424,0.05519398090607641,-0.0008713022533115566,0.042569008938941,0.11293339335027297,0.06348390836840001,-0.011464694717009838,-0.030306076478250232,-0.04991560766552894,0.0051951610235423384,0.024044895055325366,0.004688206253246063,-0.030999057542774322,0.0326089003097616,-0.052426718353490664,-0.03382835183690358,-0.0847737711803902
1856,2018,10,-0.11517381723217712,0.04416975543919022,0.04849243015306359,-0.0414960327185504,-0.0448027713294169,0.02734988711458919,-0.03786903806321984,0.014207311968011505,0.000981725836157743,0.04841327968451514,-0.05082798879666062,0.038380477293733284,-0.13504659042109757,-0.02292692503995719,-0.024246131676659677,-0.029711259942412527,-0.04553296794214867,-0.10249118500220278,0.021456662408870564,-0.058120506961137575,-0.050499396209039205,0.06363649040725639,0.04185054436705338,-0.055265536612792765,-0.046646884535189836,-0.073377932863122,-0.0016366263904433742,-0.01690484645822743,-0.019698793553711735,-0.00749873397591605
1887,2018,11,-0.028193887891521996,-0.029537373762246855,-0.0659853340888128,-0.035587318774136456,-0.031954821555012614,0.03485761589149461,-0.01961007094121614,-0.0845640069456085,0.04887108023404951,-0.003102843425576207,-0.004168293931309797,-0.03501586199002571,0.12745222978666138,0.0232432477954716,-0.07947233419304145,0.003957608705369875,-0.005360145383792703,0.06978845406409495,-0.03889862562465929,-0.056406095313437765,-0.02564785128229985,0.016344159257922763,0.03580099188039387,0.011566181285756816,0.0003472317471484576,0.00358244590524448,-0.03242303716384998,0.00191465442327865,-0.050094514016278735,0.04049625893933251
1917,2018,12,0.04470164537138843,0.019562389915263267,0.04296328926840487,-0.013871983692029799,-0.05798309942029045,-0.05994661928724121,0.032752037151580815,-0.20306789103746792,-0.03628025869581297,-0.0011590677166353203,-0.04366955129843886,0.03802692640256655,-0.11937468600702461,-0.02250790581940798,0.1263663468372993,-0.02485923565319037,0.0012821413916375146,-0.1266556153554088,0.04997031860847967,0.16262053698863843,-0.08350891637125524,0.09287271502676386,-0.0854334131566975,-0.11098142712998771,-0.06655227351198101,-0.03363250966187292,0.012118237263611942,-0.022978430000893613,-0.043141542459533944,-0.04923804154319389
1948,2019,1,0.08577687280539026,-0.057483645657967264,-0.018831059998902555,0.032936320898857785,0.07808835848447315,-0.03411239384284159,0.03897987923659052,0.3913818467557939,0.000344169198756461,-0.060041300621496485,0.13730682357659685,-0.01526554495991661,-0.036557706584269045,0.038235087923505384,-0.0628168311042212,-0.04020149210279789,-0.04164123391486896,0.17864660124557852,-0.052443324553407944,-0.10700384707863908,0.1387629479137451,-0.06304729129909115,0.17135341715266783,-0.06517767066637647,0.20576052528242683,0.06164312075322376,-0.02126642674651158,0.03232012649302196,0.057590750218724285,-0.0070078757225846555
1979,2019,2,0.03290095100971291,0.0515904017857145,-0.01606922513446163,-0.012918706200461538,0.008994657367558334,0.12189218759000364,0.0017532052943951548,0.03643508961081787,-0.04670185697864759,0.04592481691193284,-0.029136315532107937,0.03240760817066701,0.16218129547924343,0.03603035399334553,0.04910956467149652,-0.031918399672051345,0.025751359633913617,0.12350682063989638,0.07172334403697533,0.033346831020670376,-0.009896388558879421,-0.06965563537184238,-0.028144031216074228,0.0907347539258998,-0.04528077940519548,0.011805795163920108,0.024644811528125032,-0.014981578059842793,0.04738480037071291,0.1512560765278419
2007,2019,3,0.13576829709160432,-0.02801725711711478,0.059700239899661556,0.02661076734764123,-0.010857410259417,-0.08394801320876355,-0.032421537699536596,-0.009274675855637682,0.031553107464781904,-0.013802518250668694,0.061069254618690394,-0.03502540135036336,0.09452649490392662,-0.02891262058653188,-0.09829993620123123,0.0025271625393799013,0.005093722749612839,-0.1203641275433418,-0.03675893292414956,0.022477985117763666,0.02379045682420844,0.06717188895449011,-0.11046832535928719,0.0033474462420202133,-0.07513841642939378,0.13570248600280288,-0.017969342374812847,0.020965762423795553,0.01932867753012557,-0.07964541671385728
2038,2019,4,-0.05774968382371304,0.028890795974981787,-0.0439281647149673,0.10704973425515352,0.006686608587906262,0.03501803579289353,0.05333630515972465,-0.02803139614058492,0.022813040547420282,0.0021854351739343247,0.0727876199569033,0.03734587086778274,-0.032726937471424744,0.0015305528497464582,0.08430245865293684,0.14106373114921555,0.06539509157805079,0.08087310416553439,0.059924944781080125,0.011948951003201147,0.10860314728167841,-0.04130558248110061,0.047798247839572205,0.07690785850302939,0.07629608093299445,0.0061847622367487975,0.06995838912900143,0.07046500598793193,0.002030100247006672,0.05808158265201513
2068,2019,5,0.03303881343079618,0.040595811977048424,0.07682737080378077,-0.014300763003156414,0.05932016845053267,0.018905019365949904,-0.027689554218805035,0.04751404812050719,0.10135517513070336,-0.016255981159789434,0.12676076279691517,0.005382525235429814,0.0830395155846464,0.04482772230928789,-0.013605726276946895,0.02611979351530591,-0.0011727462683236434,0.016728827272509905,0.00898686628872758,0.06880240107448565,0.037370832827511524,0.24013834321942573,0.10989540466268521,0.0322749035038874,0.044133011239234854,0.06538072451098853,0.03229286435562306,0.08948785912989976,0.10788572430774623,0.04915759415366838
2099,2019,6,-0.014361556378753582,0.03498772532911598,0.02187343065036984,0.09638215988720011,0.02860043034169424,-0.0193292895507321,0.08326814788596226,0.0422157935922749,-0.01350319456989546,0.10787903188234105,0.08730340486624799,0.06298731251666667,0.03851038386905725,-0.028958894185526884,0.0830558227624758,0.02880068019954063,0.01566354770996492,0.05375096997101081,-0.04031878626098373,0.08920493513522532,-0.009186487199966842,-0.05184409558523917,-0.06575340734393009,0.03583379926211627,0.03038825502537512,0.0006034229765912169,0.05441100707087698,0.08256131039789083,0.07231677859756758,0.014602501083846642
2129,2019,7,-0.0003484250726650817,-0.028454224387213234,0.04323461415721219,-0.06649531108463946,0.08251220225723443,0.0297512692046209,-0.008414676267092469,0.013029796247654213,0.08380769399110788,0.019299051247194,-0.10674560750758944,0.01534296641867039,-0.035711787662125904,0.02441990860651444,0.024486047606704586,0.03522614319929951,0.04675092345692544,0.25760566037580634,0.043052633155920006,0.09182794377143666,0.006055431159176061,0.003827941432706261,0.02031485857091142,0.03227762463504913,-0.015388270672492266,-0.019107376280918853,0.03361071860507536,-0.0346661473634573,0.036689499222734234,0.03285397851179628
2160,2019,8,-0.005165236124855199,0.01630256065512481,0.00261776845245687,-0.022713467527118003,-0.054964467571641085,0.03910675150324705,0.03887590860759493,-0.001369724993567023,0.033796062997486276,-0.0013294565502538491,-0.07965625732981785,-0.02659417955083787,0.015576479122677567,0.08267317188611578,-0.012459629847856646,-0.01455640497638222,0.02304866720896226,-0.13025177451627,0.013299510422573713,-0.047316343724829846,0.05492807449732129,0.08135080282952667,-0.005385742409739658,0.01630348942648041,0.04578003084428883,-0.005060705740838611,0.0033330060518497184,-0.03213301778411959,-0.034397380732336,-0.029218732572109274
2191,2019,9,0.023945051520801286,-0.0004178682123898714,0.006735223707077687,0.03943597790014364,-0.013131214730945251,0.1284209999226238,0.010778491029790782,-0.02231557707166465,-0.035342919681831564,-0.02872029679687582,0.10082507238935179,0.045301424498463305,0.04374352164188133,0.041144515725414665,-0.03303698093233587,-0.015987633366056353,0.012123961218900803,0.03096172121541141,0.009190897321677216,0.021487706236164694,0.01368740401006785,-0.04869901119758724,0.008701809460724075,-0.01394418194247049,-0.007574221102556011,0.03464460481810816,-0.021350997527749493,0.01226568303074882,0.0014828069804573296,0.017149084874566567
2221,2019,10,-0.01803924701057591,0.026549486402646094,0.006578899400208726,0.02852735926484895,0.07658797560216479,0.010226656037702675,-0.03449816976322029,0.0419724907736696,0.04923548704358027,0.05349937336915134,0.035837346956989924,-0.0017822896539545496,-0.0063424347367248,0.015237848189217695,0.05662071731640195,0.04868753498397482,-0.008559951744009697,0.0016711185541853357,0.00321910421560756,-0.0736951158496848,-0.03874931881672916,-0.012127268691565662,-0.004933574673758656,0.054559324147960275,-0.02540153834741632,-0.04370067767439956,0.03788973370850757,0.04379486804871213,0.0014909499358768397,-0.015461635961032782
2252,2019,11,0.04863292274749731,0.04316313455300902,0.03514303900062421,-0.017620120972660525,0.023920942233140785,-0.013024351071078244,0.009395697923979096,0.03144249891840167,0.021250801088563254,-0.007527135606071322,0.00659897078980376,0.05170255055360773,-0.032901010910433515,-0.0015022449403834237,-0.00790954604752625,0.011526825924238704,0.016207780922320225,-0.007052272983418928,0.025954073056100313,0.10893718524045082,0.0031228485219778612,0.021412936257338755,-0.013460855494942359,0.022942045153590884,0.04402840835885824,0.004416516196302123,0.015081318827639967,0.018760413987483293,0.06290212421298724,-0.006742045290801801
2282,2019,12,-0.0286578347451516,0.01907367345173827,-0.0145877491091706,-0.00844214700537782,-0.01125567239164571,-0.05461978756684038,0.023546430719830758,-0.03923742038274047,-0.031550225730113124,0.0055288918437772505,-0.07051263354102644,0.011679396433575073,0.007488576780668277,0.008911679297912922,0.012798108013952314,-0.014818916163909068,0.050135925039944906,-0.0337616082457155,0.15335984931864433,-0.0006401887686654506,-0.0025377063885160256,0.006982631821301766,-0.02427872192537428,-0.01910798106076539,-0.02625199358226582,-0.014577949904951426,-0.015073078949397911,-0.037887981744590626,-0.03540017692266073,-0.022321189224931537
2313,2020,1,-0.04636683551572507,0.0036893842820413525,-0.032462324654561336,-0.006303261705903451,-0.0397473508816526,0.025288004087450577,-0.03236537531678463,-0.04619070221500454,-0.01853756782303284,0.015430925329918077,-0.09389010840330514,0.0013095601393808831,-0.21454904426170207,-0.008299846944585076,0.009626764028192625,-0.01959576068056701,-0.10608460080078097,-0.15809762525741333,-0.1438733439523634,-0.06704615934826319,-0.1104000006019259,0.026500883724069446,0.01719884363664992,-0.026944026202540217,-0.011885170244813281,-0.14666192458511507,-0.054884162948362736,-0.042337637639438874,-0.08606138614994296,-0.058029997734027616
2344,2020,2,0.0697715484010819,-0.0018051296893099034,0.07089606862393838,0.027733080710389713,0.06149531080762505,-0.030484788935973506,0.03556614488890708,0.020258419648296888,-0.02091452892917378,0.008063167180946573,-0.012921947770984543,-0.014154689320639013,0.14544634257161926,-0.033337699016305455,0.014135846866675461,0.03973413475665355,0.10292194196308357,0.030720451542568528,0.04785639370030892,-0.012805400059518468,0.1348809597209546,-0.02036071270851636,0.012683334782956468,0.008493548217033853,-0.010320156017189497,0.12125409929642483,0.018910557689721275,0.010698010958367421,-0.00874916780366053,0.022216993493617387
2373,2020,3,-0.05981758455791031,0.004926122152684398,-0.020376938736740957,0.007005750057554216,-0.04893454755667537,0.020883767147252374,-0.010986526004571617,0.02047914710945986,-0.03139936728125092,-0.008361652070631664,-0.01612365917342795,-0.04172820210872985,-0.0008676665957566554,-0.023216974377936572,0.006896981251585332,-0.03141205654177748,-0.06832369543643302,0.07879306855364732,0.020943129443715458,-0.008154179499903602,-0.0395972428150142,0.03428379719923136,0.016880899207581512,-0.043159298720397477,0.01207331164903147,0.006575891180887972,-0.012059029720024594,-0.046283982415121105,-0.00954703895757858,-0.038693613457139175
2404,2020,4,0.13225119783886718,-0.024684402677948136,-0.0008651773671782825,-0.0011988019629333158,-0.07386275490122673,-0.045992920188529296,0.06661280025713778,-0.0417220618036378,0.04392177084606441,-0.03870566300145706,0.1239301252147973,0.007577677022441165,0.15687690432267076,-0.029779962138134497,-0.018597161348169022,-0.08027180811491952,0.049919661736774534,-0.06944262371456755,0.0036896089803228893,-0.07134522840785884,0.002461894134194509,-0.0717064190078166,-0.03753250574963274,-0.012783983399994314,-0.030120719145827257,0.08945310529913786,-0.012128005974483713,0.0025944345803110558,-0.07910929482961115,0.016812758689396246
2434,2020,5,0.02351813191372254,0.051315202825011674,0.0009870530615396778,0.041331082414399534,0.1253967900555204,0.08362998177034453,-0.061269596000893434,0.03971282273212973,0.002136167262956512,0.049279660902263656,0.03747525470817492,-0.012381069734463068,0.01884335193764608,0.05050750976700136,0.008749152116714454,0.13806293129518177,0.0023635285151291097,0.16279507049699138,0.06731135352631878,0.10618894057475892,0.007712951882961505,0.027714072034480397,0.06310554029782423,0.007567345430124384,0.060032088277142126,0.007202045584846051,0.04718037123075369,0.08603348194033256,0.12056384060105563,0.1423637579594348
2465,2020,6,0.013904055078438615,0.03410987485068051,0.1113091207581236,0.08392494751100066,0.05528068361237626,0.10691951026146529,0.13323550788522387,0.11127584171233251,0.11015718571066113,0.09688437153353857,0.09991250438476551,0.05414352240783882,-0.011351195482366627,0.12604897927699987,0.09054199632737436,0.04024806561138283,0.04249708227225901,0.03731084080372771,-0.01428144016941757,0.1027538828659138,0.035763632975442494,0.059929135603025596,0.003769270425168836,0.1860566971942692,0.12291428206103316,0.028385476397804643,0.09233227420992862,0.08969802609686184,0.1377009769825832,0.0013631998001235601
2495,2020,7,-0.09627041602951314,0.0902212797449704,0.09060754217659572,-0.031480846809406327,0.0320602366692917,0.013164620118063075,0.015845173327904583,-0.02037244027428753,0.03937216160532464,-0.023677020664888637,0.07904491136912917,0.07487131080072706,0.010960370144916132,0.0014929122982847431,0.06781004656996781,0.05935294938519897,-0.0031467064260055633,-0.008298986732245273,0.04941359604318318,0.05558541114042792,-0.05630124959624694,0.11416094352752837,0.04819644840329107,0.013373453114512657,0.029135831791062605,-0.0448526644334164,0.0644030006845111,0.042237733123112964,0.01432110115480234,0.0041217506502868595
2526,2020,8,0.03645233505590939,0.022659798420243016,0.04104816048484716,0.02292213113624353,0.029704183815510987,0.04175357736052243,0.08094202080253421,0.03753058885621008,-0.0039963125263376975,0.07335529250389294,-0.028091158185761245,0.048196888024133244,-0.034799670403088845,0.026941956419309188,0.031226620616967127,0.026751496826484367,0.061900564023703586,0.21083657994477312,0.05469884524890323,-0.00293405003216074,0.0747642852168049,0.0727998904677678,0.04947086837667003,0.08030698797018077,0.02406498165367288,0.02763940850473645,0.06662001368807124,0.018014693879223387,0.028930415330484793,0.09607947774662007
