,year,month,pct_de_강남구,pct_de_강동구,pct_de_송파구,pct_de_양천구,pct_de_중랑구,pct_de_동대문구,pct_de_강서구,pct_de_성동구,pct_de_금천구,pct_de_광진구,pct_de_구로구,pct_de_서초구,pct_de_영등포구,pct_de_서대문구,pct_de_강북구,pct_de_노원구,pct_de_도봉구,pct_de_성북구,pct_de_은평구,pct_de_마포구,pct_de_관악구,pct_de_동작구,pct_de_중구,pct_de_용산구,pct_de_종로구,pct_de_동남권,pct_de_서남권,pct_de_동북권,pct_de_서북권,pct_de_도심권
0,2013,9,0.012128621548863183,0.018583095889193935,0.029246703990562395,0.11005012641709544,0.008910472675967451,0.025517329893115948,0.024173465126660965,0.014747643458048465,0.07580736983647185,-0.018594690923268598,-0.0215161197601913,-0.011618193734010851,-0.018387297012683157,0.03753948340893598,0.05297063149277825,-0.0002638436805212363,0.01303436852026607,0.04497559498361037,-0.023005481411580986,0.0032569349383828605,-0.00870407534181139,0.04821913795779853,0.032712994366468795,0.0002499128933224348,0.0049811359401636945,0.010002901495781646,0.03510562238433468,0.008909680161735656,-0.00022187545995455693,0.018979874209775538
30,2013,10,0.06541398405688503,0.027139742056299765,0.03519368822609392,0.0009387147806128038,-0.10636262114397,0.024481825668978052,-0.03711327115192864,-0.023428121374016397,-0.00879869246313758,0.03879502424369741,0.04812923364087318,0.03940388853477783,-0.00665864802413918,-0.048908206734243787,-0.01532735656349049,0.03333077308774346,-0.003362465235173917,0.009045905897578699,0.01936667575288409,0.05444558790578724,0.025214897980247564,-0.0109637030948877,0.012558749778621259,0.04511727981871361,0.025854403434665718,0.06507592470815093,-0.005239568241706016,-0.009191219945159257,0.03192245489161394,0.030675960782919454
61,2013,11,0.035936946399137026,-0.015727490261441046,0.010734011622226092,0.15386929852437348,0.06789525400910335,0.019404248036585026,0.008014857984864898,0.0767762908024312,0.01605705813770464,-0.010331579194564067,0.1019262642715606,0.010624159762818275,0.02831182732004156,0.01981967817016761,-0.004201897494145346,0.009460133599463072,0.013266476313620101,0.015055165264392434,0.035826943100010444,-0.003723547856007481,-0.004468042696550767,0.025304297442108936,0.014559233023830664,-0.04629896041959791,-0.0326112898054034,0.017197931235471087,0.06315277985550338,0.02658190226672863,0.010349132713024733,-0.0228759483458697
91,2013,12,0.03403007980708894,0.016014597391575958,0.013948978960812486,0.057464465532090836,0.03408000162301361,-0.020499603006520428,0.045357036750320434,0.005154630493372281,-0.011618662918136069,0.059367484117806235,-0.1051073451012704,0.008028312433704388,0.01827055204695216,0.05358084478887504,0.05479571918249926,0.018823378486053643,0.010587732501708746,0.0389504458060943,0.014330251107280034,0.030208642378342754,0.04042342606932059,0.003863237494022842,0.06474313774608431,0.0744225360319426,-1.0,0.03390993335191839,0.011047218128704017,0.03587419643196288,0.03917042533615711,0.08962091267345884
122,2014,1,-0.029742317639487537,0.0308324621229501,-0.017253500582889103,-0.02712339259847374,-0.027553679526831742,0.015252234099204953,-0.0010377769610456777,0.043627176606234164,0.016670271015747584,-0.026627849059396635,0.10229122390787349,0.0221636462001098,0.021137169792403432,0.001620297293102757,-0.01710844119257615,-0.01696772054286444,0.004748322237650315,-0.012125725151443278,0.0025102092574931234,-0.007339906344511649,0.010461362630971971,-0.01975258964054072,-0.06982595562132421,0.060400669590685574,inf,-0.014345216384896164,0.0133105851337596,-0.006438934963558851,-0.007809841616357893,-0.009607615667391767
153,2014,2,0.005622781433497925,0.002479298362495941,-0.017691068014443867,0.0024382582274979914,0.01566900445625663,0.013984703692482503,0.02370648910189943,0.004265299183252802,-0.007712880196491412,0.020077905517188244,0.011424416161685436,-0.04806421642154002,0.022481894947669723,-0.031574913240955405,0.051403654678399135,0.002994470737578636,-0.013089123539021585,-0.0012871934663636342,-0.0007238133615178333,0.011969846687395425,-0.016741024238251856,-0.0035547329513200276,-0.017574020649081645,-0.009972866190174678,-0.051315190432311475,-0.020967437281556478,0.008165611619337154,0.0010486081013159065,-0.0030734127045141113,-0.020911059492383255
181,2014,3,-0.01175007729016242,0.015109915116434891,0.019401290260119497,-0.04817148211851463,-0.11278137658328413,0.034157209343044226,-0.008171072280308334,-0.02281533124658297,0.01613659285860347,0.008036927669055949,-0.0008355440128026137,0.03445878936829905,0.03526552189762233,0.01803708970983342,-0.04449829444213915,-0.003520590033070481,0.00587177251024662,-0.007214719230318356,-0.03854524273809212,-0.022784935292609942,0.020229378581175794,0.010019488522298836,-0.004368995179017343,-0.03942354454586239,-0.02101728804337888,0.011162520890545036,-0.007966853580077538,-0.020502122005335743,-0.02607442871736232,-0.024516071158193098
212,2014,4,-0.04459827485520362,-0.00759248673059143,-0.005566672397823269,-0.0012575165832685586,0.12739447789031,-0.033779213796429564,0.007512042108975381,0.007128381769129,2.0975834216230282e-05,0.026954695654406224,-0.006606397443487677,-0.014787156730083129,-0.007929616063073297,0.04947680096063878,0.04262727447919534,-0.0014165393963598838,0.011148147974204603,0.037057870878090204,-0.06677082924184996,0.022840348751209216,-0.025263490417228196,0.004097627158935024,0.03652539478723216,-0.009708919380142733,-0.013937070982753319,-0.01254883028437348,-0.0047575307380908205,0.025736198588476755,-0.04219140501034602,0.004805218392805344
242,2014,5,0.01877268766406992,-0.015737791124781353,0.04666161982979089,0.009808109027077627,0.04103042748952879,0.0038921776777021133,-0.04047694105328825,0.002217534185950054,0.029791541042117897,-0.0134700162470488,0.007095711698112295,0.017725178849324452,-0.014952546995942728,-0.07868930805154228,-0.03773562857829771,-0.005667395218240889,-0.01692511556667442,-0.035162409025839336,0.10756960417391581,0.017223993304095186,-0.0125080454035702,0.0080768438124732,-0.01771959537008927,0.029708263255020517,0.058815953315250136,0.016241009131077844,-0.0025835810417518257,-0.012530184073244022,0.07309297891912436,0.02107581068502884
273,2014,6,0.036827193721271856,-0.027626871288208954,0.002141520967708699,-0.012366007856407735,0.015756029946369265,0.06967454606536871,-0.026679397879301292,0.038558323018832885,0.014959821266465001,-0.009739742946543783,0.020325033850749685,0.023362116051463433,-0.0035885941417195255,0.04137597729574294,0.043506182410647076,0.01552769116917263,0.0127988642200636,-0.011727684728875198,-0.039061421108575356,0.0064164580542394045,0.02949311345665695,0.02592170984563391,-0.03243278239760394,-0.02750428732082244,0.021739785502955744,0.020649111971443812,-0.005340488656722542,0.023570230861334585,-0.0010183965684337215,-0.023725157571753086
303,2014,7,-0.008681501184556129,0.06792242895347855,0.034082419353298254,0.011082451448201747,-0.02362295093793687,-0.05303961211651198,-0.012297309917698951,-0.031151916687852887,-0.033623798082812684,0.012740595060974247,-0.014693813101019138,-0.049786500340723516,-0.025095718400137135,0.00817864697546633,-0.022612526884614126,0.015751627605409046,-0.007054323223516956,0.036514455143845215,-0.024316390325702653,0.014922069341912092,-0.014139950145866886,0.035007829583706185,0.021387271879671488,0.013603674860028558,-0.06165238332882128,0.00241592366473653,0.00110645892242478,0.0021063939064238646,-0.020229662840426266,0.005909900487632624
334,2014,8,-0.014886494656336069,0.01753117028551965,0.036425151369074316,0.006024161786062576,0.04025027212321319,0.05804806537137175,0.011510100094476616,0.029801925271772722,0.015197265400828996,0.008241748958936812,0.02771636134142441,0.046635223003069326,0.02313325407277067,0.03202213931825493,-0.016499521716525578,0.014168780883577536,0.02524472633571495,0.023656865975699493,0.02620058900078881,-0.05285984858778414,0.05509205341296708,0.025406703075577353,-0.01233654860002198,0.05374502449575136,0.008347284886699446,0.014819535986815069,0.020007154393991256,0.01845099183196508,0.021540137342150212,0.03609868780614689
365,2014,9,0.008721678087365126,0.0017921994533991459,-0.014116151029754942,0.022126245807567058,-0.0011622770495842705,-0.020588967488285315,0.020939362294909003,-0.018476548338107412,0.010774915501156723,0.011532650229790109,-0.018264039138980448,-0.01878481794566811,0.009129289364080195,0.043625715137773025,0.019807594470115042,0.004630385022090788,0.01617124635254963,-0.010288849744217732,-0.11981416107090026,-0.019410541946894733,0.0035072262429087786,-0.0004915184216607305,0.01819283174069164,-0.05200195938423846,-0.027960828870238652,-0.00984116709191818,0.010183542970219506,0.0004477240011773187,-0.06556983698631114,-0.031244071569993537
395,2014,10,0.025510287976432622,0.03289191397951696,0.005576725319831111,0.0204784246909544,0.01707864587882657,0.006467298075519601,0.019409365929903055,0.0065048623876757805,0.014346456684631415,-0.0030376254822896964,0.039117102726302644,0.04837020343801046,0.05461549853049941,0.028956359046595548,0.015435513059262718,-0.0018504989653724824,-0.004618961668188648,0.022584107934022546,0.21414438610837672,0.07173797416403871,0.00011820064227729965,0.013615861958659936,0.019766839994938668,0.0025482133853316213,0.019895766337585385,0.029387224676905355,0.03133925917325797,0.006041720969101494,0.1353960598816104,0.0019288018911554072
426,2014,11,0.036467494212075735,-0.010426262151978172,0.0008722219799139896,0.02509883275629754,-0.014275305651955339,-0.00045446132892656976,0.01025481175082521,0.007407626797109712,-0.011109760205777142,0.023933271844976955,0.036664074009356895,0.015251701303486298,-0.04541882880830794,-0.010103070644619905,-0.026906488561706077,0.017321533696310176,-0.0024572033520579017,-0.04598167338839809,-0.018252640826355027,0.0037837856000235703,0.010301049620135672,-0.0023873773062477177,0.02329544485200019,0.035680816509449986,0.03057440224150998,0.017048925345305888,0.011721222074159376,-0.00011887223364837052,0.007630778055218945,0.03439899708555849
456,2014,12,0.028013883153512165,0.035581202694637604,0.02956263479114618,0.0785558560925288,0.023107582339381372,-0.003581357742191593,0.00847599121867404,0.002702032942915711,0.09289429428895013,0.0022927968222501427,-0.025041423321946588,0.03578017785030041,0.014124972624557586,-0.029072041389247794,0.05337045449953348,0.013976466578542235,0.02612424689776649,0.05096480893215771,0.02232398056668461,-0.06358849071812755,-0.004216776629661689,-0.008545227692922652,0.051812897670164615,0.009704343900263757,-0.001301907186820217,0.03469190752792639,0.027562470823388363,0.021502333663805606,-0.025168343899043655,0.018137659887381696
487,2015,1,-0.011406482421470243,0.023567753867939745,-0.013244910709698132,-0.03762352824309301,0.027142532068441305,0.007036868761643333,0.056033304451398536,0.06865238660673545,-0.06293753379541767,-0.002110959395647316,0.04600157243722225,0.03624323703453025,0.0037605221706629166,0.005281376621554479,0.03191860944012448,0.0006162050239288952,-0.0018065588669941013,0.012485583808024892,-0.03394434439920424,0.08499332363551448,-0.0010365324353611705,0.03717137874230514,-0.009385421724092069,0.024736058162754926,-0.033011190590027106,-0.0032307936297578665,0.0074047016095297735,0.020060559981711634,0.008615623671072159,0.006922052605738971
518,2015,2,-0.00015972107220374454,-0.02823906438333834,-0.013424255228357884,0.013456456150470197,0.014914937184252075,0.014319495399437221,0.003577949233757982,0.009449645833895737,-0.03465560113227173,0.009562175998397482,-0.028610022329400242,-0.008843027582650986,0.019587175244980104,-0.008384118881840541,-0.03696744742256852,0.012974922913910447,0.012877142342472059,-0.01033422587335131,0.0011143034568266152,0.006394981656109744,-0.0014839035853254634,0.01786584939108926,-0.01760127400596201,0.004459188090895516,0.13174035292441677,-0.014851663932119674,0.005843557258299326,-0.004278253708064228,0.006895336186500067,0.01680041142727906
546,2015,3,-0.001598925840018972,-0.0805244082280312,0.0005760228247508881,-0.03206494676200755,0.020380206115644173,0.015678304655199593,0.014091278747202063,0.0016824629749114806,0.05302289536070459,0.0009252951710732038,0.005412496770964115,0.0025743279324084156,0.00315419872205136,-0.004027801743881065,0.0077758387419635255,0.015853660132072456,0.010605713914355386,0.021066983391149652,-0.04862204686561489,-0.0058085216349974544,0.016778629606877482,-0.01145861104395729,0.009531624481454282,-0.014229760270330072,-0.08012020451180069,-0.04195492704589121,-0.01517443122711959,0.012195361710594987,-0.038379933841582115,-0.016138765900901575
577,2015,4,0.009363017795092743,0.1148112351710111,-0.0261367536188023,0.010074678858305708,0.0020731954865009783,0.02874072181329468,0.03720598324960678,-0.0017279413264953414,0.016118869299576843,0.011174329427253049,0.01551696079551279,-0.032401738343081354,0.04040208433653514,0.01770725650452376,-0.00015936489273638,-0.007981218142566138,-0.003086138666907212,0.028853035381212866,0.022043575930529746,0.016731040569185396,0.0013311538491618258,-0.012236328614085967,-0.0017311901930859852,0.05159772011702701,0.03989235220187082,0.03077231487624732,0.01627864780521948,0.002401959146177024,0.04044804335718433,0.041979012535201976
607,2015,5,0.012859029393736732,-0.03983178353982042,0.03477982905661792,0.04236386332155706,0.03840941802248321,0.01308759429796269,0.011199283621507572,0.013544366680372733,0.0013516120895680217,0.04491767534954905,0.010326179795283386,0.08195343977057301,0.03939738633583323,0.07682413420288348,0.06249564676095898,0.01703768704256392,0.025350359416646873,0.028499815697400788,0.04601885066841671,0.007056705614656211,0.03327678108061338,0.015054905865927282,-0.008280753278089525,-0.009257772683891607,-0.055218329947825606,0.016108265777939668,0.02441597531092854,0.02423371557864784,0.013001472403076697,-0.023729116597181354
638,2015,6,0.004546165295153726,-0.04337031217896192,0.06903474683554789,-0.05034395598047159,-0.008770955608279452,-0.023265237020097973,0.03359425494325574,-0.014664877846216284,0.22541870683207654,0.006516310979948869,0.021140711624798136,-0.08363656546255638,-6.248940804931546e-05,0.025535213201791196,-0.0070963258041610855,0.022811638054890837,0.01267469932989651,-0.006002579683046183,0.035284377732240024,0.023824827267201032,-0.005269920380936544,0.009414462847757266,0.004990681805824293,0.010266752406891122,0.1739149733909604,-0.004019151523859121,0.006255858878976728,-0.004408617056333997,0.023959971997386864,0.03514885936487011
668,2015,7,0.017271334684944906,0.09688746214054511,0.0001828969546338044,0.05950435985730951,0.051151050516044405,-0.06682216063219903,0.011657829535607789,0.01696888335509361,-0.14244116849691335,-0.0022121744202505678,-0.00962466997341238,0.07050691183521685,-0.0004654156985723912,-0.0061610028112243365,0.0199465492807831,0.017959352325538358,0.010321394046213905,0.02056103000022902,0.0861559510063239,-0.04526231965581018,0.02105107050078403,0.011449744309723675,0.06935560539772201,-0.012024178884458947,-0.08441704409218054,0.04796028377010941,0.013593865760986645,0.0033732647798696558,0.01039897793358402,-0.009032021132575396
699,2015,8,0.022168161157404276,0.04470305732266633,-0.023355058114650218,-0.09008288982399404,0.040317270192611554,0.09182440642994028,0.046176924938032826,0.010221607066078553,0.01961686180523592,0.013971501944573417,-0.05296741918634096,-0.0006201908542199375,0.00029620679158814944,0.10429436793452607,0.06671110562843152,0.016802262365513965,0.028244735338628812,0.054107402589492315,0.02734268421981567,0.06689224040352948,0.022598987642630908,0.040679126063631665,-0.07697713470896428,-0.0012521220901541286,0.15011510453370902,0.0047746053046737735,-0.019794437407171683,0.026140096674788893,0.0634585948209716,0.0020520964633354843
730,2015,9,0.02817179263870284,-0.0006630761986756717,0.07626361125214998,0.13714213290312038,-0.0047325532077320265,0.049777195598402546,0.01692318826702066,-0.02483901788202858,0.029484084582188652,-0.012370998712587622,0.039651109480827396,0.017013914870770863,0.027120191656825332,-0.025681348428964745,0.012247377637660373,0.031349218600972506,0.020536324253549676,0.00030209428287664153,-0.08253628623107989,-0.005314455854383171,0.03353558938300605,0.04085010090510832,0.05363723052026481,0.04216516528261205,-0.05017881798351309,0.02977438661395504,0.048073725870152684,0.01920056725848207,-0.03877706578235862,0.031206539457199867
760,2015,10,0.030938757001693684,0.02477752491917906,-0.013240572130853612,0.007753920730268371,0.01785255851099965,0.01892058350335102,-0.01604224998692827,0.0669657714448979,-0.011653005186902377,0.024230397829436257,0.07050345432717275,-0.003629155489786484,-0.01201263225849969,0.03556579172733132,-0.004983323051509614,0.025530864680045617,0.02066861367349082,0.058437905292578085,0.07876169245505804,0.032651581260321194,0.04828802481801753,0.01855678748813938,0.10768070348961767,0.021389412074530822,-0.03785589447606974,0.022737147636254562,0.014048573947417653,0.02580659238680716,0.04992156365548306,0.03255222718581141
791,2015,11,0.044055140549332794,-0.03720866321487437,0.03494968970154244,0.08216140011574002,-0.027260039646906598,0.0043531822189115665,-0.004805646689343246,0.023305323858523463,0.023712522966237604,0.03016884481313986,0.0522551234360118,-0.0181240778474423,0.015381027022645766,-0.011490507685831597,0.05108615507178493,0.01590647413354085,0.02490843000009879,-0.00486484171098811,-0.01041776693663865,0.055492696593478996,-0.05336866325961198,-0.02074996425050446,-0.04561066212543963,-0.006384486125973532,0.03665579238882488,0.008226776067188357,0.027967349711926826,0.026744346461822,0.02495131709829712,-0.010041966179892947
821,2015,12,0.0024342183627319436,0.08725727552312312,-0.004485266152437606,0.06861382585405407,0.029377514058440468,0.017278252533073468,0.03432167314103762,0.013151464957400272,-0.0060664510117095505,0.05479104566372239,-0.13290152912503383,0.06035746843586187,0.056704039411605844,-0.011421213635052219,0.021868998568969067,0.02519114772808173,0.030809600306116902,0.01660654881773249,0.032152954327901107,0.023046466387059983,0.028866169762502114,0.05011067396099356,0.07731523354503378,0.06660378724316707,0.0732422085541895,0.03954495758091725,0.012144323064922746,0.023684859031730676,0.01494701256819675,0.07277194711761359
852,2016,1,-0.037296627339277855,0.015508294410224721,0.012327867280310878,-0.031054698451948193,0.0072990093956617486,0.05556300139674364,0.04466565183575266,0.02407080370344139,0.017487250547638444,-0.05984370697467656,0.1759688510954347,-0.006360674988982851,0.0037757591368334786,0.011673293482073355,-0.07586968732408306,-0.006528644046628007,-0.0039514211582364345,-0.015302114263391675,0.06949424033401286,-0.01405946284979731,0.02250750284758385,-0.013926017151376757,-0.005653171710398031,-0.006779411475809516,-0.0188454588370216,-0.002745408069633082,0.030806439537297114,-0.008768591237202195,0.026924236884627417,-0.009409219193342255
883,2016,2,0.031300213492915674,-0.009926090882406813,-0.030184256083702454,-0.06878176483923248,-0.20873711075307544,-0.007201117020290471,-0.058692543535718955,-0.03443633077921637,0.04136735698308036,0.024011521299789784,-0.023589996925763024,-0.06929216244183822,-0.0036622749926649156,-0.04013210914508025,-0.012580717485119575,0.004983484603952704,-0.002126509147322486,0.004418869595586905,-0.018997277875354435,-0.022346467038589335,-0.022075302412999376,0.020259263401107175,-0.10568342155267851,-0.010727487204281183,-0.11485583181018977,-0.020165172014578236,-0.02922103833592893,-0.03821742190251454,-0.03866102397611648,-0.05697540720090477
912,2016,3,-0.04095471982641086,-0.015087658567530804,-0.04905609575519809,-0.006580625880558522,-0.05391920889548418,-0.05639422868812494,0.04106237486749609,0.001101308134051182,-0.07725939717656538,-0.04758605523690418,-0.0050322293539893925,0.10756992743202276,-0.020728348476299563,0.020152452810716204,0.059824336347276574,-0.02498842297039916,-0.002331686655907217,-0.006832406392318635,-0.04423886099997265,0.01669777670182837,0.03150308159618698,-0.052904791995996514,-0.040473809953544326,0.00042844782438944407,0.11361571620666577,-0.020927599492618576,-0.005347015162205815,-0.023322932671508645,0.014916447001019906,0.0013956494500877437
943,2016,4,0.005082310554941127,0.003710177001054138,0.05431242512853429,-0.05012937080352564,0.2553831030163991,-0.020482858311801966,0.011486157527656138,0.055806549063221134,0.05300309258914293,0.07552292489836243,-0.12271634738309489,0.02419622987171044,0.020500303615830662,-0.006218692098742928,0.030027555194827915,-0.007958658812471042,-0.02095980525377683,0.008978891962537539,-0.11131020413475379,0.028579351703696076,-0.015646290698006604,0.007841336842954405,0.15169844677880007,0.0434517758509716,-0.010005470113355619,0.026748359666465493,-0.029607383481535132,0.05398297709966138,-0.06384622007531038,0.06916868970303436
973,2016,5,-0.09051143705767573,0.011742114945852311,-0.029657229301233712,0.10720643413948117,0.028670246315333436,0.0588774151395437,-0.0022514977414869186,-0.0020807086256302565,-0.051597590699833606,-0.02994497238399907,0.14631313621474762,-0.04354918846109124,-0.029212438811035413,-0.03142356107270361,-0.0034826177385638424,0.012553210911893986,0.03071106000589552,-0.015232812237945259,0.19951264895666943,-0.01367140140530354,0.0019419212148386045,-0.025463212799269774,-0.0910807234915344,-0.05031769675370923,-0.07127946197445545,-0.039983878281804275,0.0463448948707843,0.01205419381754358,0.07886988027197583,-0.06384299005430838
1004,2016,6,0.14311929553682967,-0.014844028451441393,0.03602712498595939,-0.019781217083668423,0.003025394315354646,0.014463759546831101,0.006538142058459817,-0.012553985191166794,0.00959249318540345,0.02149359904329451,0.029245554693529296,0.04898267094733155,-0.009368302454306532,0.04012149283469557,-0.010117419439921393,0.004067736827555679,-0.01385167731790149,0.010876705967757472,-0.025314580589913205,0.011667378127489636,0.012696189155554594,0.05602075834084874,0.03885508742423349,0.014842614951959598,0.024952339087549014,0.06573556574031958,0.008513192005271675,0.006908724192715487,0.0012627228184800554,0.027352793391075103
1034,2016,7,-0.012748620403000066,0.04584909289292738,-0.012067101136740477,0.04291878726243237,0.030898970179423557,0.0075850402252390925,-0.08996053281095606,-0.01579582917958544,0.03707339591132541,-0.011433343431350829,-0.02947765277326908,-0.020391507493987437,0.004777926766979856,0.03396017456178302,-0.06759939339548882,-0.007458155376367626,0.022520070979748397,-0.0007077903961323351,-0.14425045031389938,0.03005947525335384,0.014518814524842938,0.01284859932707172,0.04003232821997016,0.01766207945858911,0.10747879030565599,-0.009074790965373003,-0.025359507566028783,-0.008287112741440117,-0.03752594345424631,0.032268056856483485
1065,2016,8,0.0030190317811178424,0.05519538705961646,0.04131466249100457,-0.03843843507984401,-0.21369905984800985,0.04927593504266903,-0.057804434996640786,0.02953700140023674,0.07955166281179205,0.019356625678926154,0.002784357815779792,-0.03221156817001358,0.018034240789881917,0.04022571820808363,0.09903275421499669,0.007812675150629778,-0.020136953562259863,0.031094117365435547,0.06345896578741539,-0.06042828119083088,0.02392070870184737,0.007717667267655326,0.04455769855017655,0.0005399174416609309,-0.05442755049867787,-0.0030419203191421884,-0.02361566215261568,-0.015102853054199117,-0.005181351332094963,0.0067199595006999235
1096,2016,9,-0.014712097524029133,-0.004932265924915136,0.012069464179628842,0.031102972063132173,0.2632611867093211,-0.011340984373879204,0.1578655182357569,0.022243079712913394,-0.040936680372531065,-0.0026183728843958143,0.038077061675427126,0.1042158439640597,0.0055781361683830966,-0.020590827542846912,0.001564238542445695,0.017805382663217406,0.04640536070800105,0.03541147044443549,-0.1120825946781343,-0.013062643714763622,0.009371335328691943,0.0202481751754513,-0.07921765390616609,-0.014680620941550537,-0.10303107958651003,0.028920126429671233,0.07582431384935928,0.04685121586339669,-0.0494068066763097,-0.04570175319789871
1126,2016,10,0.03256763381063954,0.04047967308576417,-0.009350333394030352,0.021079701522965788,0.02207855601857256,0.03704144904841855,0.0072602471163842885,0.0721170300496472,-0.03770254046769006,0.008642569766550645,0.02866660656422826,0.02631104265864015,0.04323809332980022,0.04132050595673831,0.006352365058041487,0.0148332329031724,0.004151612044703823,-0.025499594715412854,0.33778759426617433,0.1272761411296739,0.032793104558345165,0.01900180197050605,0.132453660577166,-0.004047377123113427,0.059910737869536046,0.021597829144894387,0.021806300156476777,0.028155429036495594,0.20189995726936605,0.04147570350647345
1157,2016,11,0.02476286927963267,-0.022557259002549124,0.00957579305258327,0.030151338017236684,0.0015694553286773605,-0.09478628394518374,-0.02092622496118246,-0.008674213891398108,0.0015011306656407264,0.029475868543448636,-0.011620550212813496,-0.016763439362809107,0.031161229608328567,0.03568802219205902,0.04330895451651218,0.013192345794007299,-0.03139295236473638,0.01580124630446611,-0.012861481681843756,-0.011427945894017855,-0.019380107727223095,-0.00836275156182198,-0.058011498595360145,0.036027187200523336,0.021561822388583618,0.004025365459251251,-0.0038354758765817287,0.009061798249166753,0.007607856967012827,0.005417043302785807
1187,2016,12,0.0006740939846210381,0.036579186007446474,0.017351820813420238,0.012600532736010805,0.003214402451521714,0.04769399289924414,0.03226796403742771,-0.011731934288269574,0.02140264573862849,0.022592103017257115,0.0657213414281459,0.008697214754103122,-0.03328097193405144,0.054375367203186364,-0.041213677530880455,0.012118948242039407,0.01367786265448312,-0.00745497079538715,-0.001990424350187703,-0.04753676488770142,-0.0061799887194290415,-0.037640468842631836,0.02641362159675653,0.015416464986178102,0.03241754405851949,0.020349766893499988,0.021661602266088487,0.026056470540082755,-0.003211441186639963,0.021876675031325288
1218,2017,1,-0.008400259259554566,0.01676355439766497,0.0028860641384991226,-0.006041454543438518,0.022174538388650245,0.05145991572392039,-0.0007371492123420254,0.04822889471338021,-0.008497152152822651,-0.021249103912623912,-0.01631302910926158,0.0023050381468994185,0.02820794747787625,-0.01727800861539286,-0.01152794010882996,-0.01431100259661433,-0.008627632972898813,-0.005110172457406192,-0.11347088251055248,0.07276402846246954,0.01109881468926921,0.043210913066195955,0.007761377120085289,0.05334105098718256,0.3815828222342694,-0.011742211019153737,0.0017367538309907005,0.027905161516256438,-0.01393686168701913,0.09630635718787994
1249,2017,2,-0.00269472265128623,-0.027727878981666287,-0.046299073578031646,-0.032681638544509894,-0.012738277074677895,-0.0773265100624142,-0.016995804864926245,-0.031108412635614813,-0.03293642506330208,-0.03144216942497591,-0.024424201531787926,-0.016154617876768418,0.04347395481977534,0.041855726291083695,-0.0078524949230514,-0.006669723168300612,0.017691698355653207,0.026255862496120885,0.038704097697989326,-0.009505791591164603,-0.024717978895248738,-0.00888482827899717,0.005220232306365924,-0.056576359733651604,-0.09234652444340674,-0.027247862734094852,-0.013858450400747624,-0.046731087452459685,0.01883673105960204,-0.05639522517062623
1277,2017,3,-0.01208194737145385,-0.11820130220375269,-0.039264352952769976,-0.023866023842084916,0.04912509642104368,-0.0035010576642529045,0.028714297560170854,0.00016795428417193392,-0.018736737467735853,-0.00520148716707991,-0.010586013581989517,-0.09058397862116718,-0.015144668915625048,-0.04809429533962806,0.0010062519427067596,-0.0018109029513915242,-0.0213691068394547,-0.041241565871193764,-0.01710296054422067,0.008233867694824815,-0.015599341910175202,-0.03461761391175644,-0.03928180309163243,-0.003878258009035851,0.0949520152746337,-0.0723944165059972,-0.009754415759569146,-0.027157155036644953,-0.021876339293601887,0.022597888027421797
1308,2017,4,-0.019443466917621888,0.12557020489068815,0.0015279476019036675,-0.0182422473952778,-0.0148313226143032,0.036555264904076346,-0.011370638348748296,-0.023443145275475308,0.07827698861512844,-0.006158954685052009,0.0005997059477760303,0.08339915498600536,-0.01731856773175855,0.02045534977236274,0.009070714653264256,-0.008581234357656231,-0.0026971859076138083,-0.009217897917358386,0.10075156263657692,-0.027413832175769315,0.015050736564704792,0.04204592356515424,0.06584823318315358,0.03445142883947283,0.025678240021593135,0.05095476771281704,0.005760847951257864,0.0022587863939840247,0.02515487154767193,0.03414592070553035
1338,2017,5,0.05343747389744191,-0.005667384730243419,0.0672843940905441,0.018025792421751285,0.042705546264729666,-0.00016958680067258314,0.017848565098517843,0.034923597651252525,-0.036264459513783764,0.044346200406682135,0.03382335509383916,0.06571466738582443,-0.011855870567948013,0.0027021897978598552,-0.0010738822412970084,-0.005450521886507853,-0.002868524999389832,0.010096890229056577,0.021935788741653806,0.04115615091466762,0.02372550628917125,-0.035015390023911075,-0.043130418080292277,0.0028502763995330582,-0.02206663241412088,0.03420477751162965,-0.0028217209064653748,0.018015236457228134,0.03017111937342487,-0.008984713763430796
1369,2017,6,0.02758961820188288,-0.047015763461803584,-0.028673942447438705,-0.05546110334515575,0.02085961347853682,0.09106333106492626,0.02555143338600141,-0.006779862054891894,0.04878093215307189,-0.010742223146185337,-0.02896898776925183,-0.0023168894158674957,0.020111049136749104,0.04255199853916092,0.022826764480290862,0.020445941507194032,0.017002595565518863,0.02408744540465446,0.05966515819764706,0.0011056922064678343,0.031064587463168536,0.06769683860497677,0.11526984541198004,-0.006478105622613528,-0.014325216856188261,-0.01429129417204933,0.013135950344735914,0.02244681659540948,0.019068731802468486,0.00860011465028876
1399,2017,7,0.018263022475410562,0.16604753268048067,0.05323466276132627,0.11602120400724925,-0.0342824948416266,-0.05112044841382446,0.03395491255686878,0.008967997005193018,0.012634914287294796,-0.0013906256890376945,0.06656206901851469,0.029247575641613732,0.01498891178289563,-0.03802875198573996,-0.02865531704001456,0.019926788765699754,0.03805420330636311,-0.010417841002140715,0.06737136413286415,0.014043404821782124,0.003802321678568088,-0.025402927801304376,0.01850702713852015,-0.013214958407394728,0.03702333750016207,0.07744862793804108,0.03238090295989959,-0.0031061389513397097,0.00979198029732764,0.014050779169150207
1430,2017,8,-0.0059772356001376314,-0.04011167969485041,0.009260262328289803,-0.19561692140759945,-0.006481326271934429,0.02288910228957941,-0.0035821709246004474,0.006988853049226584,-0.012539645902565733,0.008492293625012692,-0.12027101065321011,-0.08116144646998646,-0.03704523985046371,-0.04707564323506486,0.031719799097457146,0.008715431554032538,-0.018666590754951917,0.019012091182557533,-0.020305673910331112,0.014508748994369602,0.002988082548892601,-0.0030587036820032276,0.012113996344128575,0.00208325662307951,-0.060462995320368584,-0.020393647837347872,-0.0723068261955434,0.009789011444370832,-0.01820356729971051,-0.006884564371925195
1461,2017,9,0.07822301651301267,0.027656149427590426,0.043333347288268875,0.16779795335061864,0.005086092983418888,-0.046620883921544065,0.01650422886452585,-0.029602845654208454,0.0788763266173369,0.04594610771998209,-0.02014839968606419,0.08501169939794151,0.04755630310177783,0.05218890256555864,-0.06189848452391755,-0.030820062357055367,0.006340469697418083,-0.019800007310670775,-0.016618437500094285,-0.020293568282088503,-0.01928765465343285,0.03478224044545919,-0.004943447500397213,0.06527742863727282,-0.0288701389046343,0.06275096594454066,0.05401203587320191,-0.016347806500403905,-0.008910737220006126,0.015660495257847407
1491,2017,10,-0.0034841399878209334,0.07229456429595227,-0.00818432400088398,-0.0343168589909163,-0.011517746806974372,0.07827675328954653,-0.05227702983535043,0.008158558634964397,0.012200739067457445,-0.008618277423352194,0.015616741810811074,0.009522436292976222,0.002183790511004924,0.023033308908241068,0.004210121882189055,0.018255776487874575,0.005412461612572583,0.025154844988203973,0.03719058799943098,-0.04191918849303711,0.11056108570486112,0.02150365174335045,-0.050850446268141836,-0.03498903887052318,-0.04185422981450482,0.01889661520616759,-0.00688299542102766,0.01783237143404537,0.006011849945309677,-0.039647062948664935
1522,2017,11,0.034235952938879155,0.01762092641913493,0.02527728866254164,0.14983354827635154,0.00141371898582765,-0.0165318910421296,-0.041747207200416137,0.008803894126141687,0.002998984976011476,0.07044489351633065,0.12882023682988075,-0.061560078290261444,0.013785025118710381,0.016107299207424486,0.07301848313695203,0.006263510264459038,0.003745472730047439,0.003617383964984011,-0.025053902727494748,0.09233004264389089,-0.07890580392142654,-0.016124214889192467,0.049472409662397965,0.02130755121708483,0.018706010908250192,0.0125193669110224,0.03437506444975602,0.024488618198587497,0.0406099889301732,0.031144874875166595
1552,2017,12,0.0032862271915263808,-0.03961767663743776,0.007843959573476056,-0.011430043820098157,-0.045317123272517246,0.06148865340553211,0.06967433492628516,0.007932197416004483,-0.02801245338706071,-0.025080247572172754,-0.11504448264176237,0.05414040785604057,0.006481193401038254,0.01800842365137889,0.056706976428719136,0.026888645004404577,-0.010973854260723503,0.056274292556668826,-0.02861930329977669,-0.03469835647695363,-0.036562003335863125,-0.007599845283952411,-0.03362069520842392,0.034738651905199536,0.053541939080940404,0.009963571577963126,-0.005779612664943867,0.022442816744607574,-0.011699393788729529,0.013424984523638273
1583,2018,1,-0.03127736516487223,0.052380310806951824,-0.015314290377480111,-0.02870344828283189,0.03318783883088061,0.01356544263516124,0.05417035732289022,0.08497487731086895,-0.05585473817056019,-0.0043767930267724076,0.12804075823567374,-0.010235429038252142,-0.020571977407341513,0.010222746508093516,-0.07460431742187701,-0.00581537643298069,0.06658913034200831,0.0037914573803448093,-0.023766394116261802,0.06573510652551229,0.09597548881343654,0.02535976265458917,0.07618988809558269,-0.012970982131995545,-0.05605432201605387,-0.013872812628963227,0.024848873250843395,0.03650908252241458,0.02766787228163481,0.00750470950771942
1614,2018,2,0.024518316327521994,-0.05383187503291553,-0.0767638742167529,0.0032948044342415717,-0.19880368929556236,-0.024297850143989108,0.007519897630468897,-0.0061649194555599696,0.1079819224462708,-0.04981996461707838,0.001344970630179354,-0.08348872950760022,0.007486514869686767,-0.045732581610001044,0.05951662087116438,-0.01469102398725508,0.026691929140958193,-0.0001070613775751017,-0.03814585948461846,-0.01608096380763735,-0.0388402304304023,0.007902160109443779,-0.062140307095129965,-0.021515638357886502,-0.06385242277807568,-0.04173282694492031,0.010460014818979069,-0.047865636733215866,-0.028802008078173902,-0.0391703902626771
1642,2018,3,-0.01711970766946047,0.020857246244526007,0.024648731728871054,-0.006225434010831643,-0.02464426774920936,0.008088574069453403,-0.055813126738446184,-0.011422623095890372,-0.033114516841011965,0.02915454173287757,0.003769680542577092,0.0923605312824638,-0.0013945306951643754,-0.017150956551861385,-0.015889580535831227,-0.0006051128819481999,-0.059724690087259336,-0.013770607566680693,0.047328001543745835,-0.030789093146298407,0.009551419382812343,-0.026109205471087527,-0.04310665237728217,-0.016335091134380364,-0.09164525525275236,0.014798457129928222,-0.025450235140433097,-0.01628814203282225,-0.014876487252559523,-0.035729263794571975
1673,2018,4,0.015422012897533532,-0.004311769601133553,0.014797594649122559,-0.05030308486543278,0.19273235503205077,-0.006896715490849692,0.01995722184606019,-0.0020778821247577905,-0.09693642815658532,0.015636705507715565,-0.08952016663308371,0.00382324306078341,0.01796970145143395,-0.01422688924041815,-0.027328889744217433,-0.026643635252146747,-0.027235330323486795,-0.03339108560681803,-0.09827699899583808,0.015933427818983992,-0.03472590761666905,-0.00044582121923009144,0.08929672116242693,0.05300995708970513,-0.015024839312274163,0.012012786537054732,-0.022319439063071767,0.013413539649407946,-0.03319333391368229,0.06300098309050961
1703,2018,5,-0.09305952918882443,-0.007082322987896794,-0.006333277123846903,0.06006555780666756,0.06547704781886932,-0.003483652414691618,-0.024318203125429316,0.006922314517157524,0.042162100400496394,-0.010382095794389312,0.06521639727577133,0.02728669063183009,-0.0007992222622392742,-0.11229658116332442,-0.0013113256133128193,-0.015644283426850203,0.0033971804920427395,0.016097949820715662,0.14728053266464913,0.00560164877931002,0.01700495701917304,0.03024535311316967,0.02718642498397239,-0.015860194194795896,0.17054198454866776,-0.020169756027561214,0.03331526826564457,0.002944913743451627,0.020700951597062645,0.011586088583173337
1734,2018,6,0.08673555522627652,-0.018100645614906985,0.019559597356039626,0.01431438621075265,-0.023264928501295468,0.08870707348008455,0.03713857731077996,-0.03165288689785717,0.06897940599387442,-0.023651109400208647,0.027903744976494727,0.027414800002274697,-0.017635464786837973,0.14826774478782823,0.07794452169768662,0.025330731068195833,-0.015542127314460696,0.003586106533641109,0.0007095095402593898,-0.014629488214232045,0.01772026705929397,0.009486712432094757,-0.032634846337021184,0.03022046850184701,-0.013555709203237343,0.03344706547779763,0.013649687234489116,0.013759649588044987,0.018834684678382674,0.005042212558631132
1764,2018,7,0.012311221300914221,0.04736735289391247,0.04569845275324269,-0.0032787812182979437,0.02581052185668553,-0.012173217840898753,-0.10716138742220915,0.035166308891261044,0.007070568059492688,0.02789010060566599,-0.015664744796443864,0.05274974753940698,0.013918990500349837,-0.08911383427279573,-0.13438938088985075,-0.009969549199744243,0.01302232925543767,0.013940386420759454,-0.20794942404391592,0.04950814495485889,0.03868334306977439,-0.013285118912134242,-0.00010467843748174221,-0.0300531320214682,-0.02250424555086783,0.05164102136358828,-0.036177607078797025,0.003197329206790833,-0.07271776378986805,-0.02104163656501712
1795,2018,8,0.005425444297000315,0.004331418839857326,-0.00942437422038267,0.01050512145876703,-0.16979565547225461,-0.03025436407242499,0.02100185110329189,0.004502722335520071,0.14392276839622498,0.06860256903972917,0.026276956090718784,-0.050756414992770504,0.02312742021172376,0.1723895208652586,0.08811897502683785,0.013940751868669388,0.036104881612444295,-0.016877854223992128,0.18408500283433082,-0.031747982717462264,-0.01203621686580536,0.06886111642165571,0.01999971515859933,-0.001483772220990276,0.014816434545366963,-0.028714905660903733,0.026207168051634255,-0.016273084499535906,0.08948850620430182,0.008194562248755588
1826,2018,9,-0.004639017848489857,-0.007119781578318052,0.02220837702454359,0.04787421498094058,0.2494250990588356,0.01810939116239152,0.10545515145373252,0.022712105600506405,0.018128190348742468,-0.02101007655151288,0.029480174880565313,0.08666913226188555,-0.017646964728201153,-0.07876796122147933,0.03448102298011757,0.02017117926472478,-0.02859450353929327,0.024432074438510032,-0.058227311122006964,-0.05361972500769063,0.0205690761563031,-0.01265248043534073,-0.05730915770671563,0.03864793155478763,-0.022872558843371915,0.01750070380295954,0.04184049691932912,0.038326752814972886,-0.06875431501889495,-0.001604166806759788
1856,2018,10,0.02108919250859098,0.01796886654778751,-0.0012661386147791998,-0.030702870044613362,0.007186467683748976,0.004191629875061942,-0.006162703107452039,-0.030260962641284306,0.035997608461658004,0.020108448525735012,-0.020358299269369606,-0.011792807580293885,0.048476206152350265,0.03278991347925064,0.0402356140315554,0.014266021364356174,-0.024236831044123774,0.014669840206095186,0.15928175799134525,0.13836856761923944,-0.029310558369760153,0.008175217395623102,0.04300629449828808,-0.03849987171191638,-0.01735421362415368,0.009653518815972761,0.001935413753076265,0.00020984411292213068,0.14804488291865425,-0.01505307317709359
1887,2018,11,0.017133985583752898,0.0370104603979271,-4.373958167291914e-05,0.061357029052611756,0.02448379466891737,0.04858518168689874,-0.0059667252089223854,0.060327948906984785,-0.025275124895178025,-0.012750486520221593,0.025073770702102705,0.04691999876446684,0.007553183241404859,-0.049616470258754486,-0.04972080990559902,0.014150842101632533,0.011725430719965013,-0.023621273334813675,0.019353655110340817,-0.023034334590660066,0.017530817062043402,-0.03456360566226446,0.032539609159772054,0.06941497207655156,0.11408304941445269,0.02010415473519278,0.012755449959388487,0.03854740673323542,-0.02242998762535975,0.0697486334035331
1917,2018,12,-0.010175929875114287,0.027741839347355413,0.017274990777836896,0.008241336578817648,0.03663811812445017,-0.07898162534213815,0.021572269509000153,-0.0037346771613057106,0.03029287710052464,-0.057921183384606945,0.04622937071395339,-0.03642878718511511,-0.0027888516066082447,0.09196901588305528,0.04619362040392061,0.002976484556169945,0.03675697573294934,0.0019656647884660483,0.04210675902201699,-0.08615680517065039,-0.012860456119977548,0.011876919873490488,-0.01565937026682729,0.002260232441622545,0.037333499727412844,-0.00015456829110049863,0.0230337895842192,-0.006728612789657085,-0.011084565906391952,0.0006208860616765399
1948,2019,1,-0.0304847682021393,-0.022822845870778763,-0.018313151266340477,-0.04764680170342661,0.008974382945889259,0.07091108213708619,0.04302470943068726,0.0026155165022940796,-0.08205531650144249,-0.003536518878469286,-0.005626965855749955,-0.05606723049290907,-0.01562065372404442,-0.021466700564375052,-0.0226360917583448,-0.029591752205680333,-0.015496518300933126,0.05527089660091189,-0.04777467639944477,0.1181580926763588,0.0358925733099591,-0.006448131260573198,0.0279083373203437,-0.00775696496028655,0.11244656912802609,-0.03876877002473811,-0.014334162457120714,0.003172590146718779,0.012697379769622597,0.0244098766024774
1979,2019,2,-0.040606299194828166,-0.05832007446668519,-0.034364980064637285,-0.020193654253572557,-0.02619697641783758,0.012349355580775878,-0.04424001213513873,-0.027838110524247894,-0.06510730163624256,-0.010344594510943717,-0.0652765663400281,0.0032055219703317483,-0.04537362739367812,0.006127962287766353,-0.044276943599559915,-0.0025594932910482093,-0.01532369822769386,-0.01568006001164568,-0.039627279900055656,0.0011172692178524901,-0.044320632488735856,-0.043619966115001074,-0.0016361138318971014,-0.06598779138509403,0.035475558384348904,-0.03184340829701626,-0.046011594453155835,-0.011529653102204551,0.0013939233993005562,-0.0221664278171807
2007,2019,3,-0.0029451039521392053,-0.2709740267458569,0.01913294095066398,-0.046185294068390226,-0.009409232341675455,-0.009337131565437029,0.020725087726239266,-0.037797406396455346,-0.055498753832549874,-0.010426204350310164,-0.00948819796504563,-0.10477728519863849,0.06757810028156919,-0.02720657804665305,0.004914801888230125,-0.033698345239584704,-0.0049578011041732095,-0.01477212666061789,-0.009059143368335798,-0.043222652455416344,-0.04136967661431068,0.0041903430602654446,-0.06402362237106318,0.06928009860414663,-0.014669170739521675,-0.09841586333181995,-0.0009158970236732289,-0.03861014789034578,-0.0460024574789748,0.009841129583814112
2038,2019,4,-0.002128328934714263,0.3644443224620313,-0.07391154315606352,-0.013412579128042834,0.03314511280443355,0.01692256908568801,0.018432109345314807,0.03244933524025306,-2.9300456213521286e-06,0.038717191696215236,0.014033558802616364,0.04380417386285185,-0.035604127048649015,-0.040112736691566675,-0.0023656440385038113,0.003461910680526481,-0.007764909497761208,-0.005752934584428049,0.042630961517016175,-0.0031829899071637024,0.011908765282463873,-0.0009701161467611241,0.04923870727450841,0.00940293502586198,0.04958419500271072,0.06758491734246075,-9.130294688852736e-06,0.005414338224294601,0.01616051948252828,0.02477278436060959
2068,2019,5,0.03704182358436259,-0.06929055772842607,0.07714837886960813,0.03280076060288195,0.09481217369772388,-0.06799058540848302,0.026237809073459628,-0.0062782356766812875,0.16785717251595522,0.009245351921184586,0.009576251498547572,-0.005165989238751334,0.053333384978242915,0.09329304918897785,0.02490163465215889,0.005060684156154016,0.007356933368854346,-0.032277799034457044,0.009563885952137863,-0.01233932220591727,0.018691309371496878,-0.017769071228744382,-0.016847140800831606,0.049143777654405474,-0.16576103515974894,-0.003780896461158978,0.025476438546802926,-0.0004523376181210237,0.01974736479049155,-0.012184762372970614
2099,2019,6,0.03676778380713008,0.02711684481070087,0.028116301531701193,-0.05220180342237357,0.14963293441215675,-0.010049828312450715,0.0013166982700891783,0.01753147892089002,0.13252439306925035,-0.02330662190374988,-0.024576558948789407,0.016230917155447777,0.0806169411889075,0.009554525977359729,0.002013076400609437,0.01610792901688285,0.01784496488074505,-0.015581168772092258,0.0077757048231850145,0.016057945731201784,0.007290333756292178,-0.0037742777032271357,0.06920333669487988,-0.07346256959617026,0.10574474958029279,0.0317495485127568,0.007341415722490918,0.015097618505681698,0.01856904668981474,-0.0003028156322363307
2129,2019,7,0.0008423206726242416,0.09719338394419275,0.01735441868533716,0.08800865338409491,-0.1340404774764219,-0.015134110299947934,-0.009635373942366687,-0.03117168156975847,-0.17258899376476933,0.011704545510244246,0.02580466280019955,0.07284058861568354,-0.1041387473447134,0.012314694542210125,-0.011204486740450048,0.00567704785614187,-0.016859856624366287,0.02390140764084636,0.012320582845160466,0.048826566459442944,0.01150416514252739,0.03296564993620543,0.00013971590937300604,0.017338853273396237,0.019499147689757468,0.04635995418671324,-0.004645463717936393,-0.023281777633774148,0.03537869236522595,0.005769739042681854
2160,2019,8,0.003068674991994591,0.005689650821694148,-0.015818299048785622,-0.16153772437372116,-0.038010074208235656,0.05884171160824336,0.05640575954005089,0.021271760478483337,-0.023646938773879245,0.0293713662483297,-0.07863364497124448,-0.08425246971252309,0.03674018729999995,-0.06738320650027618,0.003891765629415511,0.008565509779927982,0.03474962946818394,0.0021756333136984107,0.005111661500765585,0.01787904232115123,0.03135039691928698,0.0019455715513410077,0.020436096269477178,-0.011640212534261951,-0.04408295393633588,-0.0255622199376333,-0.029887440700029355,0.018526590987180125,-0.011061480749311237,-0.008534732558287295
2191,2019,9,0.041682710777902976,-0.01921240009152858,-0.003600924447751064,0.1492464809854499,-0.015928407132536848,-0.009099647200487393,-0.019688000025278596,0.012821858255726903,-0.019367426340293648,0.02341554559387382,0.015241451139978768,0.05230004041894154,-0.005219282114542256,0.038247653100595747,-0.010202928054982241,0.020051001549715064,-0.002941817656886836,-0.011022581803979636,-0.038558296047445095,-0.008589963446228976,-0.04972290229626686,0.02634395906437481,-0.05546063580190752,0.031173474260145717,-0.05461099341776021,0.012851758624552234,0.018402387420447752,0.003770434671136691,-0.005857414821405893,-0.008674026833228154
2221,2019,10,0.056444043826641144,0.07497237954383396,0.03333604840863735,0.042897333920119074,-0.004548888048805821,0.01520126276862177,-0.0584012064413264,-0.005589513446834782,0.09551390882165967,0.01113974002996354,0.0483882769322197,0.02138177598297153,0.025463290483989542,0.03531176422027915,0.002648031329122169,0.004486017174478496,0.0031469223936122503,0.04607509807069232,0.06094805216534427,-0.009537314755955983,0.07390371051511235,0.02768851208281986,-0.04005659777909221,-0.033123754960580065,0.05193623457074992,0.05022075731286302,0.02891906224905827,-0.0002665607988499019,0.017759509802387496,-0.01923749864866675
2252,2019,11,0.030146547454214634,-0.04635437810694076,0.05039642380854792,0.060558550463980065,0.051534425634752745,-0.001401975207099837,0.00389501823713867,0.03510969846573975,-0.027040546697933432,0.028173352968819954,0.06634385104665497,0.030746636691338924,0.01901474389708646,-0.019949966919466045,0.03338739307349314,0.04464280999024295,0.018687781298052597,0.026608822218244566,0.04149975773036574,0.011094029107787451,-0.023681617752213557,0.018943694223417795,0.0204803906313491,0.017229667487614897,0.04239229534497335,0.021026194725997538,0.027311647295731323,0.05616572145481413,0.008255600255726359,0.02070136014645474
2282,2019,12,-0.0402455380648139,-0.020227137611639523,-0.02718763052245088,0.030146910600699073,-0.020579328112264372,0.05831164223035756,0.03120164069598319,0.031503883456677206,0.034761331457574984,-0.011738897551595628,-0.08118649459369465,0.029357963493019446,-0.003709002497867875,0.0374444912289249,0.07184370025528541,-0.002345936360543477,-0.0069918416322615196,0.04013264432958841,-0.03772888241639494,0.0009553509764135271,0.023607240896416526,0.016168101031644566,0.06289897780905496,0.05119076835167591,-0.010567593553038712,-0.015937428515863772,0.006425469360710645,0.017755591532314208,-0.004927408153825974,0.045148903368865234
2313,2020,1,-0.029740213329369714,0.07169983509039124,-0.009905926970307899,-0.04665412156703408,0.0782089864821418,0.012612765357027822,0.043349400960120965,-0.01545167502805378,0.08311165018039746,-0.011901284396646838,0.06125608265210225,0.009151207608907086,0.009742315607898178,-0.022476782201454992,-0.08278747416397125,-0.010389202045632762,0.02726783961564494,0.0017902600283681291,0.054963586480824445,0.029808574736915228,-0.006531816883604602,-0.031489041768376524,0.03155151503804898,-0.014698207689271992,-0.00454967564080655,0.002281689140544385,0.004530284279425478,-0.0036091680465664133,0.02857716463434068,0.000868856103590776
2344,2020,2,0.02988723461493481,-0.0009507297847829443,-0.02346767915260739,-0.015206673736362641,-0.21935699266439324,0.014977595073032868,0.005778624405575528,0.06207321921233766,-0.07379410824398347,0.028705514601876647,0.02084763286392599,-0.06830952957200986,0.010565405176896858,-0.009169063394538934,0.04379838548264092,-0.0015953768302900961,-0.009425937438403809,-0.007893625046580866,-0.0834453542376774,-0.011507781000651973,0.04103650283663263,0.0240222477755474,-0.061469982097068,-0.03009798813906661,-0.08533751026168002,-0.019016018001237422,0.0027915706143932795,-0.00803636294331267,-0.04347170566697911,-0.050840429408023025
2373,2020,3,0.0026669685604159277,0.020767650302234486,0.008088538297894576,-0.0578474176046716,-0.06129195316679936,-0.025255313265752477,0.033406656158293524,-0.0463061945794605,-0.05012180135777,-0.04743321993782157,0.0002971053466822582,0.09034950353786675,-0.026851099673993573,-0.0021147192917572166,0.10089870880585106,-0.02078884827570926,-0.012974579985514323,-0.003165177844329903,0.0825385119659987,-0.0911807767684435,0.01589491706349122,-0.0038147203339973235,0.0011656716979209225,-0.01035794719701899,0.012627013885857963,0.036438757175838,-0.007280303822604028,-0.038829896000421193,-0.01772765706659274,-0.0027179621147381816
2404,2020,4,-0.003833596889287416,-0.020586154850233518,0.03918624123859371,-0.011803434776955557,0.1687307515170684,0.02001847038990978,-0.035652573787627206,0.0051272800683643815,-0.006239593404048338,-0.007382688071557397,-0.06447198581880065,0.0036324620014374087,0.01847814808653858,0.025624449301159702,0.030029493837719023,-0.010186741080620565,-0.010850269432887916,-0.01627305694746628,-0.049428920678552424,0.04345179249874631,-0.03984898396513381,0.009558167094028569,0.05802896012919767,0.0655230022099047,-0.03368460939287188,0.01157881988108378,-0.023592556068745663,0.021348065394480198,-0.007083862371853655,0.050165853645174785
2434,2020,5,-0.053887277232474884,0.03914012600479411,0.06286261133257609,0.05820075711371131,0.20230256493134813,0.028702468849501006,0.017813108015901413,0.01197855143301707,0.07042616043113958,0.048010431218665994,0.06615208989022525,0.09164663432139486,0.018190611874808527,-0.05978400361234304,-0.010162847419695087,0.005621579566757573,0.023315452850651397,0.01295419036099088,0.10897160279960816,0.005233983741061765,0.008127313732947172,0.01424337577428303,-0.04220342483427231,-0.012840265041826893,0.01755866494660019,0.04571156440109281,0.04335176274287167,0.028763644952159106,0.02877992214032088,-0.018455632474350114
2465,2020,6,0.09332295584129069,-0.006139374011633891,-0.0017855499609477077,0.04073933392890927,-0.056941639404720634,0.02822285179338957,0.0020510129770128227,0.05675599047521307,0.03529012263498088,0.039260705393343365,-0.01204632980591036,0.002931312762500138,-0.010228745439896048,0.0596710388379853,-0.04322857587940887,0.01658972216896859,0.019486864745874355,-0.005313033260884059,-0.011864353164215302,0.08100068179578246,0.039406676860079815,0.004134739857332814,0.08829302513689563,0.012401464482504343,-0.0011831589753967808,0.029719268089429818,0.005837005063705103,0.02152008402158523,0.04424699930437814,0.031270295639268975
2495,2020,7,0.009151774854821548,0.06104007843527426,-0.010336029144184189,-0.00322160909249003,0.01694405020186429,0.03205336917185142,-0.16568652870282052,-0.012992505066812154,-0.0005304529460039564,-0.0032062938707886346,0.03049690078278311,0.044823966012363714,-0.041296850134362795,-0.06489638165577172,-0.0680511791953361,0.0037970432114173835,0.004759530610767948,0.08688307395082462,-0.10346350193802245,0.004504202633835774,0.028310043062577783,0.014053237958274067,-0.015406960967234373,0.02464686914271841,0.15031076637163898,0.0168505507991481,-0.062490225301272795,0.020950112476025184,-0.055492561126939344,0.028815424629111908
2526,2020,8,-0.02275249051457484,0.03951966073876578,-0.021118912094875264,-0.04616230041824343,-0.23882304452506276,0.024996088768996172,-0.09758955337055653,0.008557798692073737,0.06952210518114543,0.02880080687486819,0.006704932441448763,-0.1356868496531578,0.03244963868270512,0.22217932766927273,0.12648208601356892,-0.005009631953571514,0.03354566266301062,-0.012298590114825592,0.021154257970407597,-0.0906379517397895,-0.005093222192117608,0.01054030326891664,-0.009510141326461663,-0.045467019488930505,-0.08985003940597158,-0.042935572712444414,-0.0428507554303692,-0.037632373903968674,0.019015276742464726,-0.0425544544036901
