,year,month,pct_de_마포구,pct_de_영등포구,pct_de_관악구,pct_de_송파구,pct_de_구로구,pct_de_중구,pct_de_양천구,pct_de_강서구,pct_de_금천구,pct_de_강북구,pct_de_강동구,pct_de_도봉구,pct_de_광진구,pct_de_서초구,pct_de_서대문구,pct_de_노원구,pct_de_강남구,pct_de_성동구,pct_de_은평구,pct_de_중랑구,pct_de_성북구,pct_de_동대문구,pct_de_동작구,pct_de_종로구,pct_de_용산구,pct_de_서북권,pct_de_서남권,pct_de_동남권,pct_de_도심권,pct_de_동북권
0,2013,9,0.0,0.0,0.0,0.0,0.0,0.0,0.0,0.0,0.0,0.0,0.0,0.0,0.0,0.0,0.0,0.0,0.0,0.0,0.0,0.0,0.0,0.0,0.0,0.0,0.0,0.0,0.0,0.0,0.0,0.0
30,2013,10,-0.01977772423238877,0.06275039932005688,-0.005185476442881365,-0.0981842642396995,0.016851600458524185,-0.001052780902007333,-0.019798788309914217,-0.02756110040048476,0.00841978978985547,-0.040408699863920594,0.010995328856604036,-0.05255738313461733,-0.04181048384329822,0.06592395428631104,-0.05613034501107328,0.019122778598956947,-0.017919471220956606,0.050760884309369425,-0.009372039052399472,0.20485508056334156,-0.30523887551377227,0.08431561712887503,-0.29926453973599243,0.02776461669667385,-0.19378381246468157,-0.045154453672055395,0.010531601188817463,-0.0099124931583916,-0.0461395181299632,0.015176640150868836
61,2013,11,-0.03745247587127576,0.10876160079766062,0.1794706193373352,0.09138171764131808,-0.02322567004846221,-0.004871496034132616,0.07557575588497212,0.08009618014044562,-0.16198118888147928,0.2742699194808318,0.00414733408652368,-0.03552588004272539,-0.04109646118870092,-0.03564131399969872,0.10826663543511139,0.0275921102955905,0.21486633243771847,0.13007169928794826,0.01646330522160433,0.05655476314721408,0.3815411534670947,0.001618643905868078,0.09558542065407338,0.02477243390944306,-0.05598595293611108,0.013060909458604497,0.0690457094538437,0.10962998750877584,-0.02555742783012971,0.06297600872034992
91,2013,12,0.08611955521967518,-0.02564680661561336,-0.0002899780157697984,0.09405534818244221,-0.045010640382296296,-0.08533894173188761,0.010596550130030469,-0.028181727210677132,0.32135072789382413,0.12022785574166295,-0.09955331692432168,0.15059738413214263,0.17185498807771493,-0.06013416605063837,-0.018412476296200242,-0.03605685725426244,0.015823946787632437,-0.15288592716969251,0.06402232305846733,0.04925805601896549,0.21507134595810307,-0.07274776737519295,0.3276651741463581,0.05227612243312185,0.14062229548732752,0.02418263211425642,-0.007387064226433759,0.005713215371387692,0.0017302512994148422,0.02503556180494293
122,2014,1,-0.14306411884215242,0.10817563054479296,-0.03651392225160188,0.10928527120018683,0.17362674935293398,0.1197524761538602,-0.08606880659924665,0.13230748948702886,-0.11265083364805417,-0.16130661727563567,0.007715356987288313,-0.10048798633133871,-0.18759225127526646,0.11530128132556827,0.03917145909815645,-0.02617968066250409,0.348486194056989,0.032127356665233586,0.012348068903263343,-0.14540438640857056,-0.12480915452325181,0.2329951627110307,-0.2497481584458815,-0.050468036909956826,0.08292385067853703,-0.044620176164901104,0.05140545478519365,0.1130063112324382,0.08192686692839413,-0.026231219327530364
153,2014,2,0.10886506130191398,-0.016209144503183226,-0.01290709774863763,-0.08388277003556832,-0.04882562291607151,-0.1430685226023516,0.024801030314469008,0.005331321183103199,-0.013694132650341584,0.10584220036137326,0.10150363376249794,0.08894496136256103,0.16837002589817285,-0.05432476973760325,-0.034532530746700596,-0.0039106936347973464,-0.24183440527971778,-0.006572980935104278,0.025838772297998913,-0.04741408685110049,-0.040225830585927214,-0.04823517977798708,0.05696007472882214,0.036415941622228276,0.11074272864325652,0.07441431205808002,-0.018429562968876878,-0.09264876618203344,-0.06323979819776437,0.008816227192154136
181,2014,3,-0.032247848590014505,0.005851819325589425,0.07307593916580157,-0.05521900096176913,0.027345676260925433,-0.04702078310896407,-0.05240213812093231,-0.02499269259160819,0.03780097034819052,0.031504544739358264,0.02635739132365922,-0.030803443559417443,-0.059967458130879336,0.05517789992777966,0.10009991972285515,0.042753082353796046,-0.0015450565536980765,0.06065514008957407,0.08503795979015782,0.04878755930416445,-0.03371790491708526,-0.060326597222774114,0.09830595598281144,-0.056375822403850195,-0.15239662101796836,0.011702331137473987,0.009590030794976556,-0.0007297301376628651,-0.04684088507454709,-0.027208411794791165
212,2014,4,-0.03616657888293329,-0.032850228357859335,-0.061956554943666586,0.017736151982181703,-0.008401353557959235,0.09653993753444001,-0.1220840818510881,0.008249734442391077,-0.07281462618133516,0.0005280078849179137,-0.015195237397294448,-0.06829870205768762,0.03715479549199774,0.049436556347799865,-0.06506581395473054,-0.07411698267776079,-0.1432353604706348,0.03795870710522564,-0.1623786486598483,0.03311768274950899,-0.16408954646552543,0.040705578445861645,0.043480759835617944,0.09956809569465341,0.22089517329364217,-0.07532875052230836,-0.03562849289309633,-0.040093662075021186,0.1108453789523598,0.010166990894798111
242,2014,5,0.10413959953404639,-0.0003514747741872881,-0.011784628909894068,0.12270950688983873,0.0018270128747315262,0.020757563558011505,0.2447135037666186,0.1484715258317859,0.07930777889843621,0.10298049747276328,0.09387594435697078,0.08736490734365177,0.03425556447550693,0.0056931081690552165,0.16129274832026996,0.052800478615442126,-0.003654696414426395,-0.016147296872232486,0.010650351967194993,0.030939394834495815,0.19601117518784372,0.09327463543099701,-0.01544832198921986,0.02715991303712406,-0.13243943175307005,0.15953249956728133,0.04801971505766267,0.07676800254519622,-0.020252132164234382,0.04409399048586837
273,2014,6,-0.03529399131461519,-0.013542834730016162,-0.028497717394438515,-0.07957167486401329,-0.024114279110364123,-0.16238718517376982,-0.14802605002634506,-0.006260119402393793,0.11487751709745653,0.003399706014475923,-0.13094951188994508,-0.01693518650534176,0.05056964596054092,-0.1679908200868272,0.05317392746793281,0.11265531232778025,0.10922127705894336,-0.04806509185450869,0.012658344763250451,-0.14745206147457202,-0.051317889442375475,-0.07506526383213319,-0.07472921374581154,-0.11395249391741036,-0.0842671366799026,-0.026757925555790374,-0.02763102772531778,-0.00904992839562424,-0.12419180980098199,-0.0353865663850822
303,2014,7,0.09766119256958028,-0.01469858562764248,0.004040752409537163,-0.0510512512867366,-6.991501019848467e-05,0.08223115519101509,0.08344511640065089,0.006704431515554221,0.37060288790206,-0.0791415886067901,0.0193319698938188,0.013286029214661044,-0.19246385372643193,0.03427526544661097,-0.07767237506650415,-0.020894234792807276,-0.027293816265224313,-0.06223207502582839,0.059100502558396384,0.11700854239577341,-0.06970948494406515,-0.13838270085290993,-0.06619134613070932,0.13879823104284505,0.10782957246407987,0.042969954855958115,0.05636052003540093,-0.00874029582281588,0.10201360056113007,-0.055911775752498394
334,2014,8,-0.07645181504987397,0.005864789378045909,0.011319306004079044,0.04618571951303729,-0.017280593858610693,0.12962447014938006,-0.028360041825415183,-0.08511755948488675,-0.14942811367177422,-0.08774796493034887,0.114185357168888,0.005572254221142936,0.2182686534363607,0.07537666741940718,-0.020071478639538287,-0.03929095444208042,0.02075462628764657,0.05580319547037216,-0.10769736352588122,0.1190928969195415,0.05336959465912616,0.2785625558525351,0.01322481794071817,-0.03865268889335027,-0.11818308972773717,-0.07587746232512904,-0.055896206659224346,0.03152471962826042,-0.007403964153415932,0.08935746351704688
365,2014,9,0.04372791207905413,0.007625529660917563,-0.015042043235695801,-0.01159445835894135,0.030374937207491737,0.11410911705362192,0.20252134895872653,-0.05395211892460594,-0.03094234893826786,-0.061450681780913397,0.1169615846855303,-0.03947383920683234,0.024010244582468365,-0.03946399083298302,-0.023532565851357323,0.028587030487784215,-0.022764418622855498,0.03894180592881935,0.23407453623322216,0.2826090566413708,-0.03662393873813852,0.001790938800610098,0.41534260081615404,0.07920295668118271,0.13260021417921242,0.029336885173639526,0.015222063909278383,-0.01311330839118352,0.11345313829361259,0.019708029945052052
395,2014,10,-0.055740928907965004,0.011300712922643452,-0.008695748102904965,0.0031784793175475556,-0.009906165169534464,-0.13149023281855676,-0.11390698949885569,0.04591535514229306,-0.16709479603885047,0.29331102330457215,-0.16602910678616278,0.020654501453448493,0.12902405789724347,-0.007666462204123592,-0.021105385171009572,-0.05404944108745968,0.03474826609296344,0.062093467485995424,-0.015847362784875196,-0.22727343345416873,0.25960990150336927,-0.13928433562627762,-0.308278184140253,-0.15279026242085558,0.0719980421163382,-0.01542117789483688,-0.011901857060103715,0.0059863905719927946,-0.07519293428347507,0.05934830914730371
426,2014,11,0.013801102720725211,0.05849179274977123,0.051100895796200474,-0.028807070018754488,0.03065788058600183,0.020979420564197993,0.05202081758963617,-0.00703437720744049,0.03337823091680803,0.04418818366948951,0.07324645479203795,0.012157645225420621,0.14070591355332773,0.15118879284136244,0.17641641566069022,0.09090509545392123,0.13912092443063373,-0.04262712837751148,-0.012134480014129978,0.08244227231450241,-0.10939772934633885,0.1091226711927662,0.018016531083434817,0.11054847243599708,-0.013066266488852674,0.046544496842337635,0.03755797263201344,0.09450960464393554,0.022214259377308254,0.1041265620379801
456,2014,12,0.04815160717780809,0.020500734745409366,-0.08541352279090719,0.030887583028126553,0.04789776883799579,0.15264752802512294,0.09907756103392429,-0.06225043297100685,0.11413859457591458,-0.13635137946542597,-0.047957901653256085,-0.05303015313996273,0.02422745760764844,-0.027968997730287604,-0.011255914197749295,-0.059698008486475884,-0.07337011933973525,0.005350986632717936,0.03545030688223649,-0.06521582102797485,0.04608416822261607,-0.000962435718975696,0.07869884815315209,0.03567988924336363,0.03741519347658606,0.045875712004372016,0.016132589703119926,-0.06309611580305285,0.13365827943087694,-0.014369564258159495
487,2015,1,0.05694357213819723,0.048985668914907965,0.10907013702089263,0.02425836821450189,-0.05524551690654034,-0.0993196996599981,-0.10614139119003385,-0.01137749082731887,-0.16100733003046952,0.09497851745765207,0.16733376166254454,0.13410674146543577,-0.28073011460056385,0.10335062070961176,-0.0417353695278716,0.0052195128781356015,0.08571448556447092,0.023724975267783055,0.09036883631411285,-0.10442768989612417,0.03799872893988265,0.11155845460196523,0.015810825441507248,-0.032888714528573226,-0.0770042098884024,0.03696543561357979,-6.977582413669747e-05,0.08420495433837405,-0.09516820377379209,-0.056435637950204676
518,2015,2,-0.01722748508828187,0.023365691427389867,-0.1084140591064986,0.01949741485111045,0.020815618520445778,-0.01013410109219992,0.07738723594222163,0.19616222415441142,-0.019998996515170897,-0.039593238746503445,-0.18000019527563138,0.10252639077382253,0.029465152699838404,-0.011412135209073027,-0.014911976456986498,0.015018677148759707,0.10226425599954703,-0.16412899690074845,-0.11743902233032655,0.09057427060607193,-0.11680470180007818,0.1755180544716186,-0.018567838817917903,0.014868275753273208,0.09602296063053717,-0.03865767331298131,0.027515119854976344,0.025011470474522124,0.06836143278618079,0.02898585251332597
546,2015,3,0.02061101812095134,-0.009905211583625229,0.14361880737291877,0.055155832647911573,0.06125121573987302,0.21285603236001882,-0.009151784241245409,-0.03641513855393319,0.022665655115277072,-0.04512855914049174,0.1285162756365914,-0.08596859134493551,0.012444604761413736,-0.09257701218479009,-0.03491038985703232,0.025007581943310653,0.0765733079921227,0.20391035742007357,-0.05305090419362135,-0.37365784631520893,0.08656320854970767,-0.0011363576302443334,-0.12013968740683956,0.021507363291953574,0.0808686947924917,-0.019321315407642592,0.004898550025383752,0.06478293950601222,0.10350119031007421,-0.020246254525803198
577,2015,4,0.041535524457601,-0.041925419046700885,-0.024162994448467923,-0.06450514936850937,-0.03389279356652164,-0.08125672825801189,0.030868792213100793,0.062217338794426924,0.02653165400168711,0.07493430338638785,-0.01736143014292202,0.07255337440222442,0.05349917292276385,0.1510147710412395,-0.05980245146714169,0.00159622671426507,-0.031592245945489705,0.09063234215704541,0.15207776776556603,0.6479058772578812,-0.06696844332659635,-0.0005310850912707554,0.1436810261374637,0.0031551913145284605,0.007517985383105774,0.017810884290870854,0.002757353003375096,-0.026593432873557976,-0.01644776874100684,-0.0053633280474875145
607,2015,5,0.008835032142456178,0.0003693328549589925,-0.07534798005009002,0.12124355279934629,0.02487584229505635,-0.019882974454845548,0.08635434698162547,0.010716029810812655,-0.015823122303822545,-0.15369690305637695,0.015922551438484867,-0.0057949238365705424,0.1602182790848703,-0.035387856593055655,0.13953077280053194,-0.04396898915205616,0.08710875499369375,-0.15231610439361354,0.048193587676049754,-0.012882985479950149,-0.08044964832764678,-0.17158417924840308,-0.1861252007643328,0.05329386270412506,0.04304598995189046,0.04072693118596704,0.0029645097292330114,0.022387917225486165,0.011123825545090282,-0.028965510867347888
638,2015,6,0.012232333779833349,0.03327080583539033,0.09473856641010658,-0.0044967006874476745,0.013129219744123066,-0.030073419749264252,-0.0920648294164802,0.1217559664454615,-0.1580795960882806,0.5017076470421282,0.0332303541051564,-0.05035882419500293,-0.16013333589584244,0.05091146539307445,-0.02029571018524834,0.19785692754976014,-0.11699306899632944,-0.002656046571327342,0.029044327964351968,-0.15207913872572676,0.30377708978328166,0.09112907339550924,0.14867554834482566,-0.04920456941822737,-0.14377047235873575,0.01928246787724741,0.033043353124277086,-0.037175961030307514,-0.09888412170233174,0.0642520037377694
668,2015,7,0.06817310465669046,0.07804017224672721,-0.03131564116053054,-0.010946567886559677,0.011016996073422103,0.035507248764958366,0.08646037518518246,-0.08791955473440238,0.2695225512962822,-0.3092037732362304,0.2563229668696898,-0.08939517940817754,0.09508040259139272,-0.0844736832382682,-0.021541956937151108,-0.11920047860561467,-0.07248319354563282,-0.02347004767705907,-0.01937245482277339,0.11218172006083482,-0.001234802431610893,0.07797361080913556,0.09740639537305129,0.10415448379328462,0.1650188206619776,0.020368293604007714,0.018800407216129855,-0.03746626729950708,0.08906072892465966,-0.024113969400915147
699,2015,8,-0.1541951120689864,-0.07814496827286577,0.013815075921909115,0.06764281339488054,0.05814720765893955,0.030449038048407706,-0.02796600387967585,0.04874613193981414,0.08912398830353152,0.06143587074682677,0.027840585306661003,0.11837114119684067,-0.03432065181507249,0.1936068038054497,0.18352727155297677,-0.005361673608119233,0.0929506625792329,0.20323355691260359,-0.013376208680009216,-0.016429806562848204,-0.15223717670408732,-0.04177129584893435,-0.1477818937850126,-0.027129144657851323,-0.10028169348819227,-0.06314170260628471,-0.011052515049235545,0.08448763869851961,-0.02315901675223464,-0.01709659300977373
730,2015,9,0.06430582393151729,0.09051428892415059,-0.02196854349865196,-0.053447074374660564,-0.10821370490737148,-0.020572936958254906,0.012321558320293136,0.05122797334541129,0.16191659842342498,-0.42401851279055114,-0.09816785388679139,0.012987051357302715,0.16634368439422587,-0.1441957037143472,-0.021668023362452993,0.027161444546052627,-0.08330324428549907,-0.04016385031602465,-0.02514279150207077,0.23267213394840258,0.08430491173853993,-0.021162379136830833,0.15197086397379156,-0.2789646920424146,0.030637865129644393,0.05443146353236972,0.02938591778502575,-0.06869562353282388,-0.06493020429521934,0.05718902592227981
760,2015,10,0.05103713641903007,0.06512353956166361,0.0843608676635954,0.02337061867038548,0.05882036300492022,0.0848412099518967,-0.09562264402739551,0.06209964414928737,-0.09777530015429414,1.04056446159354,-0.09072977316722686,0.07388291881716325,-0.0273926102928862,0.029352449339453912,-0.13825210578463776,0.013983726690726117,-0.008682802497126496,0.11902476516291971,0.06320054610544368,-0.11354529489953347,-0.026951311670085243,0.03929289161988647,0.09980788721315448,0.42134583906364487,-0.08079808790215315,0.0018905973243199536,0.05344025854614065,0.0009923479103137733,0.052663733939243285,0.09068255473011422
791,2015,11,-0.012738608016969355,0.008916991594221546,-0.0174024916861254,-0.02357851530213928,0.016738220735238674,-0.0853399503128558,0.14157624054062223,-0.09984574230494025,0.12325294170448209,-0.08430194306767858,-0.025259684226868306,-0.23227131144106272,-0.06579348432559784,0.1340029669482634,0.13438216315757234,-0.08675024555375543,0.10477388948660415,0.03729997070419899,0.002252902960980574,0.014031477792614488,-0.19429829879329785,0.02904846542069528,0.21288464036555643,-0.019217115764896264,0.10796291762706067,-0.010544542300313542,0.0010499472441403146,0.08501637769716752,0.006329781991962546,-0.034638675384931594
821,2015,12,0.022386939204902978,-0.07035321691191931,0.08456345057034231,0.09548399254722062,0.10889519997912789,-0.023588032325433494,0.03182499240373016,0.03924455758050649,-0.17060730804935564,-0.03695454327729075,0.028382826841616415,0.18308788341900928,0.12592346810633437,0.0771732998025263,-0.11946544212881205,0.0869580747067138,0.025524252471855968,-0.07858907517187919,0.01740727426601385,0.03391330627752365,0.13967138459117345,-0.14444435771042552,0.06465107195282505,0.10536210529530288,-0.02192207163006399,0.015123981325158908,-0.0028288347726659335,0.0692244891129099,0.013007144161880202,-0.05973374133400211
852,2016,1,0.02103471370300447,0.03500778337775201,-0.030423818131290803,-0.023688385642856247,0.04563301426717592,0.02976670952202709,-0.025699904750492997,0.03352438486285214,0.07984917432569816,-0.15318362305505118,0.21997087366975054,0.05781755105901998,-0.1682860782124369,-0.04638114028613016,0.024297940298464438,0.05779566457209828,-0.014433114619999077,-0.07568992534487051,-0.009743066537398537,-0.20159276989843855,0.06452172024357927,0.07523967431202072,-0.14872178315497775,-0.011736280064026494,-0.058035807658242566,-0.006364759835538525,0.022902633819302576,-0.018048787370801178,-0.014311915928293062,-0.022701755456942085
883,2016,2,0.0376523322208544,0.033145047505473535,0.03320389238996424,-0.04878876554591416,-0.07929187083145217,0.06744537878106116,-0.09010186298483913,6.365877706815404e-05,0.24725162881214513,0.6666209840045421,-0.0796854724010142,0.038687081550706104,0.09912970080069439,-0.07243953359585942,0.0596145897476994,-0.07114990822790557,0.06694635197063459,-0.005110482087670509,-0.07352776738434308,0.3967138222042901,0.08435719767806371,-0.061113621410663344,0.054046408056826145,0.0014624618107479392,0.0846139333739897,0.016346440686131114,-0.005521062076964345,-0.02726678252973147,0.02764022498700247,0.031161139531129534
912,2016,3,-0.017861971226968087,-0.04701194871947434,-0.027067860459278226,0.006506573919911496,-0.03795009227324053,0.1253910096034998,-0.1085008336502592,0.031848693918069104,-0.04380884020945042,-0.10580081291262355,-0.08852679226858984,0.032640581307533445,-0.050146140179953,-0.0004027123364069851,-0.029228978061235034,-0.0060364079689664285,-0.006731664975412666,0.010184341838823219,0.10392967022333344,-0.0896517552160988,-0.08168125104672586,-0.11824269655184283,-0.027210076820625262,-0.1449501643148181,0.07755466458619287,0.0070938756565583905,-0.02562888579966216,0.0018347873229325184,0.09572631336800175,-0.03886884711533889
943,2016,4,0.004927666044693746,-0.025087508523902624,-0.011237293175910934,0.02851465036867107,-0.005754967562095259,-0.10354096704341431,0.008283425155937385,-0.07109341370484745,-0.007912298705637255,-0.14545005491358332,0.09713354824773712,0.004527183658495915,0.15714673585133343,0.017519209227100152,0.011454488436472676,-0.07630794670153229,-0.007979931385132644,0.06206934989057933,-0.06442571394503116,-0.0544642817792782,-0.8982703103182971,0.10750847318646484,-0.16988587499709473,0.08342050363276532,-0.02993286303905096,0.007260098253332847,-0.021531222347855428,0.02879114984647657,-0.03979122055248829,0.0451834338643915
973,2016,5,0.07052921610278773,0.008241179246869512,0.06076486585483143,-0.01719056740154401,0.023983829973695858,-0.10017330383955347,0.17577798308798598,0.11542223223084336,-0.002366249593503511,0.009080473906448505,-0.033283166869572,-0.06308390986438739,-0.1534327768167134,0.005390072619523512,0.1479086073500968,0.2868400450909301,-0.05460659802880452,-0.13556595429804208,0.09596893594229905,0.1829456099709612,9.724509803921569,0.1432500243666921,0.33189190513524114,-0.17777676706954382,0.06558681184515636,0.09620136594036732,0.05254480486230895,-0.05633434218101019,-0.035251850040169286,0.007627323039160139
1004,2016,6,-0.03597919393483939,0.001187396783951744,0.008567154769126839,0.052554170030873815,-0.07968001438174765,0.2093444733167249,-0.13357585539263372,-0.0028505181983916605,-0.0386591945867506,0.23444006581486532,-0.0981958978345201,0.04485402420515561,0.27474204941060854,-0.1097967004980932,-0.12396423518609678,-0.12017607518580276,0.01608508360309946,0.16356891369997406,-0.0678476671312308,0.21958393602337667,-0.12741044493489884,-0.08073033818313458,-0.18890319613704298,0.19340059404273746,-0.028754055438631188,-0.04907442050897348,-0.02918255805495773,0.01195565607361937,0.0982283242482207,0.052165845621758855
1034,2016,7,0.030600849798350094,0.08439508388358474,-0.04417510726832363,-0.020833395062643034,0.12955181437500074,0.06015431511511382,0.03719402800890004,-0.02298578105469895,0.011452182740409711,0.1007441963789848,0.15412827927028983,0.02513051681442513,-0.0842287087870609,0.10285034627180845,0.044244760405548256,0.16610495326651753,-0.0054620098503025405,0.0861303036030554,-0.08706109846240206,-0.0062178318196923765,0.011041705507768063,0.058334892752333944,-0.03405334665221382,0.4210291789542506,-0.04196284010265994,0.02147991384920034,0.03808737163219367,0.013549410035166298,0.06311369528814859,0.06655374665789404
1065,2016,8,-0.03155345338919191,-0.07110357790770805,0.02608697324015008,-0.039606578979189844,0.005093717658783525,-0.020661464838983012,0.03518809075202789,0.06130994079599916,-0.024281663637676698,-0.2740516500355047,-0.01867137160789889,-0.060921442371290824,-0.0976846142177843,0.24944277520460512,-0.06763401248371981,-0.1869661104309056,-0.0007710609322630901,0.09381740396007832,0.15614610222345493,-0.18178786327775565,0.11226126884367171,0.05972582703629725,0.08933126151258564,-0.094247657526081,0.09186735863506312,-0.038602840154066564,0.008311620575983447,0.011325331102541414,-0.01094743068093984,0.024283958254847526
1096,2016,9,0.020414462566588076,0.02222122890393763,0.03109021635048248,0.012814807435357567,-0.06188699481952886,-0.03713088987430846,0.15519525093084297,-0.041439082958548035,-0.11641810066591052,0.3272721656490356,0.12916022764474033,0.08688050867747199,0.19181232372458146,-0.08481852474482299,-0.0682336797064057,0.10690681065753682,-0.024332938591101305,-0.06322898258866017,-0.025237452325525656,0.03035882047541949,0.3139498258767164,0.13179430075583087,-0.11341731955355805,-0.06979960913065408,-0.03283583130038492,0.0374431082778377,-0.014122707165108106,0.01840135471319848,-0.051402791670767,0.0378044768336494
1126,2016,10,0.0006020771039170203,-0.015807270923818617,0.00025950169621835606,0.00504567797431843,0.005988936827213465,-0.006034117838519815,-0.003818207478313518,-0.040288986682207595,0.05615174052241212,-0.36723659100429773,-0.09829240799548089,-0.06969268520083816,-0.046066991036494476,-0.023657661962103282,-0.020173266692172676,0.08295955189149251,-0.04472380972552392,-0.02150600197081287,-0.09549692370609641,-0.1492681346713186,-0.14710112632687788,-0.04073737038183867,0.0787130667117375,-0.06390089095078355,0.011714904315837993,0.0025572890649268043,-0.015599297185527772,-0.035120422700258835,0.01546113099645785,-0.06772896738594536
1157,2016,11,0.055864418866135246,0.050992367029427,0.035776551044225835,-0.041107545591929306,0.044609030602843935,-0.04931916943995507,0.0611217482745543,0.025383840796491253,0.08602233878535981,0.8037257714516899,0.03099931528817823,-0.011686613244961896,0.07256121012308414,0.02272922419018153,0.0702805598871572,0.056818503524615815,-0.008725509291790168,-0.017177442337856008,0.1677284964255099,0.37972458433811407,0.03346357104684983,-0.06080298049528854,0.24243717905378226,0.007086172897224241,0.01508603030657385,0.06568537290951926,0.05215558921207175,-0.011690919539924738,-0.02454649153426869,0.030586784551749124
1187,2016,12,-0.030750411120366472,0.007008846092547039,0.023996615011372846,0.02178325195553188,-0.05260616640815763,0.0027410736674908787,0.031100681477994163,0.04133358195384429,-0.05962970035448867,-0.02046226155398989,-0.08608630255587468,-0.10867596422395565,-0.09834290533467527,-0.07926375978236166,-0.012418242578497107,-0.14147042349560446,-0.022805704416878125,0.11523611908557685,-0.014259770020809692,0.22260448814950062,-0.07219717131602277,0.07747678892705179,-0.19310497446018116,-0.05086112619683536,-0.016421366526471082,-0.011586803769394582,0.0015361736750925115,-0.022680169846845954,0.010064177648283934,0.056455282349844094
1218,2017,1,-0.020735244154954757,0.006877636489206029,0.01715451560804193,0.016987772576623206,0.10914762312242376,0.02668742520138867,-0.055756448485735355,0.0020596491123769933,0.08592410851573051,-0.35522770663700753,0.017063756316599177,0.04015752461322086,-0.09681308591549487,-0.011984752659821907,0.17928292680072788,0.046782033268596424,0.06521297523543823,0.142482935095527,0.003547131764631839,-0.13977061113932632,0.2593835149863759,0.01700450147832533,0.08604480732311548,0.08119303592087834,-0.018435079813134414,-0.03715504956716742,0.019093277689624655,0.025614214235931465,-0.0028039038227339885,0.020685936233702185
1249,2017,2,0.037225339328906815,0.05039622052334236,0.024014745565280382,0.025229041593405777,-0.022083103957161954,-0.10771657066366414,-0.13939865681389874,0.025464612367916306,-0.02458638344012587,0.27195535364250634,-0.013205005498675093,0.20133991028803022,0.28616301827707713,-0.02475720267821835,0.1605299981089765,0.020150927023786958,0.06931828614441238,0.04538877234641303,0.0983703778088878,-0.12865260738621798,-0.1907040821051449,-0.11965789928169579,0.017009787889952888,-0.08977269959251566,0.02189166634201123,-0.00010453654999609263,0.016591928651955135,0.028975556586527507,-0.032646397110272285,-0.02109758752249069
1277,2017,3,-0.01835104364274598,-0.05302295948623037,-0.06212342705362994,0.07421014387228198,-0.10503056054879789,0.11471476469079422,0.11591259988124536,-0.0028765728332172946,0.004342195134042326,0.0015419955834197197,0.01726116357631735,-0.04684613642503033,-0.05856742103510182,-0.021021145981976352,0.034820302458104635,0.020333647812701416,0.045583395573352226,0.01103905752912171,-0.005054697835797151,-0.11401673827666359,0.48863792865996425,0.03280219543384244,-0.11056377704500675,0.07525522010291663,0.029939593497647854,0.016661938902501783,-0.03485447988098289,0.06163806902106739,0.04854157206024334,-0.011063074428757314
1308,2017,4,0.07670810100518866,0.019674297206436764,0.13036629930669563,0.04164114069404978,0.025829426705681557,0.02608598988302524,-0.03130032041206865,-0.029053091011089993,0.08842608101699811,-0.1068294568240713,-0.08014262986330378,0.18658616706530018,0.06626950443968438,0.12811733791055957,-0.016419102670136354,0.052229041197281,-0.09858010990034871,-0.20157220106449125,-0.08305224175271941,0.10361792524404434,-0.3693776428139949,0.04970216963947438,0.5187816329629777,-0.03129130006433345,-0.07843711973591772,0.012672808493660703,0.019907963249765848,-0.025471980590134002,-0.02937138691974084,0.001065097152283867
1338,2017,5,-0.015942149467650713,0.01576700396337838,-0.13883090637096684,0.011808690109842424,0.007689603182568172,-0.08056820266166642,0.06593642419474977,-0.0033372564280022,0.09979202176471369,0.04134212953110583,0.08991584716267176,0.03323163750694502,-0.15632794569186914,-0.0040846615793509455,-0.21098573907329632,-0.07807850714855957,0.054928115435914915,0.023834271905639248,0.016304678271141793,0.03211649326775934,0.1738325620530079,0.07126834352395295,-0.3026351473512927,-0.1293834426910505,0.04612609466795092,0.002462656340378011,-0.010593186196331317,0.038675772182833246,-0.01818857727060552,-0.028092415777395408
1369,2017,6,0.006334651188748985,0.02889295987459284,0.05294625605048031,-0.0019661841884327513,-0.004747491311723251,0.02591847808739467,-0.07382928495070673,0.029365957981363433,-0.11460873605506261,0.2847858962656167,0.047311677688999465,-0.00772073031896614,0.04330709586756076,0.05127692712790344,-0.09243087060813227,0.037739144553150084,0.0034751454955412875,0.06839065896592933,0.015037209315023725,-0.031291184881263256,-0.025302845674145202,-0.050312395642390095,-0.021111068555732748,0.14489584073112383,-0.019674012698368992,-0.014313879875569202,0.01617619488408084,0.007421148733618876,0.007279136533779651,0.028951867090386774
1399,2017,7,0.021078938029503558,-0.0033609326540886553,0.08558843882507983,-0.0017357298863215354,0.03520251687382214,0.0034283462303750234,0.0519593048214253,-0.021493613631903052,-0.054763794660454,-0.19495420487976323,0.05975859278972018,0.07059949344768568,-0.05414259340453831,-0.02817520459606393,0.1818072888540161,-0.01840657560571657,-0.03689052708183371,0.008552736608330225,0.12902334923848113,0.13953660000064172,0.16290008711688375,-0.0017922367625647917,0.24315742284329245,-0.07054089995623858,0.08296440813126571,0.05766753242572653,0.0056724746502756496,-0.01771623513543419,0.03031208273926711,0.0334046552135705
1430,2017,8,-0.06337623715066876,-0.028235175748432928,0.20234754174625214,0.024539721767393496,0.07606087423492913,0.008743188822673664,0.006350961885392747,0.16414568492105208,-0.019677033903880314,-0.12563555893433076,0.020374179708482876,-0.08540518086801285,-0.0004040047830059512,0.01099064740223299,-0.030932920150298693,-0.08106606265404315,0.022069601334927524,0.0395732801491806,-0.04829252872278078,-0.2311914550130465,0.39547908543946386,0.000373475774041232,-0.14619380234250945,0.2350470970418117,0.022162328705177536,-0.04947328793806649,0.07994408991804858,0.006881334018870033,0.08663193462257235,0.012854466748775994
1461,2017,9,0.023461139940811115,-0.0028035777929539263,-0.2532948381913587,-0.008537952436591834,-0.09707327547747413,0.0034121554956259015,0.030825287721328865,0.0436282784843387,0.1419834307504122,-0.08043899095353246,-0.017396620614234082,-0.08945646481837677,0.21962730174877332,0.06163236191375421,-0.04843971826542437,0.06767839229184336,-0.01082184727905533,0.055451798998959356,0.047436495100517284,0.2133174088481351,-0.14970346545697932,-0.09676269794073478,0.09174273772639374,-0.06768190581136824,-0.015371446110680087,0.038968621694659644,-0.002988393949574175,0.00916809030682697,-0.008824583394860253,0.03937665396124257
1491,2017,10,-0.012855992989813991,0.09135090402116686,0.039348820813848606,-0.015699286178895044,0.03665834859509354,0.026578357359910765,-0.031177623596878146,-0.014458953365105609,0.01995385759731705,0.13808977719528182,0.0039006850785627822,0.12296280320767128,0.13082059926547673,-0.07599183079094107,-0.06975258330109968,0.02247318233061435,0.003100699759459591,-0.14908411969798763,-0.011666681104328891,-0.0376322153531955,-0.35902986176022034,0.06967781847154852,-0.10462259299468613,0.02907023894659999,0.04332102214062039,-0.029345947579409004,0.007862682114563757,-0.006340451006286774,-0.006221007538222523,0.04006560951635829
1522,2017,11,0.1316707889444524,0.0015273267644237976,-0.043161707700514196,0.0545722427445019,-0.023481878832231406,0.04367200613382538,-0.002732633790805128,-0.06662115254072176,-0.08909975476623666,-0.41245735507924397,0.14307645825535342,-0.1435336851863479,-0.15380835662461323,-0.04292465527241085,0.3036925777717667,-0.0348357695863184,-0.0284350337168241,0.11846040326043683,0.005105394714580713,-0.061352723328000014,0.15970600382297384,0.022073969956412753,0.02297383535417996,-0.07435305917753254,-0.003531507182370275,0.1092492927383728,-0.03807363882305348,0.011914794443300458,0.006213237003866112,-0.07793553924577734
1552,2017,12,-0.054029460731629064,0.010510569505147949,0.10470349829276926,-0.07260678058715486,0.07131183958570309,-0.06188735482714103,-0.026256013524063593,0.058874310330198965,0.06192448515765525,1.2951048608388867,-0.0917917172114745,0.1789786233870121,0.1691485031432569,-0.004495151111683415,0.13459010895674028,-0.021946939737579663,0.08121473374762167,0.07961071497542482,-0.05449757415754897,0.06930052390617525,-0.27205227188208936,0.07891520421286025,-0.02892304202347873,0.003963944139700359,-0.019938453728512995,0.013521050147231373,0.047065283784649914,-0.007822224851371185,-0.04654836368929949,0.07258675092861466
1583,2018,1,-0.0018166802031009954,0.04319644236727438,-0.021369817888687304,0.03848757198733721,0.05991459798764476,0.06552445930796824,0.07917342826565421,0.03532949106057148,0.05499105231181156,-0.15942013514523312,0.07399770665171612,-0.06926838692257908,-0.01277430891878506,0.007752447018523068,0.032030761855246226,0.10988275347627341,-0.034773769778518315,-0.10670786431255519,-0.012399864251715909,0.05414585248079695,0.5636444212147023,-0.03787891258728138,0.17262206928153323,-0.008882683694360072,0.0955342209109602,-0.011584524143553265,0.04704840960034784,0.010171712246834108,0.08413216939350665,-0.031521100872381136
1614,2018,2,-0.016084670396506184,0.031222305753692225,-0.0634222594042152,0.041899037453281496,-0.09204187765466665,-0.01737361176168939,0.06467836576169472,0.015115965330699144,0.0654965743664575,-0.10366212446397349,0.133863431907844,0.00576088102737593,-0.13092338286991612,0.0018957166145174842,-0.11325862298998934,-0.0141527735378979,0.00915176539267426,0.08317257738654882,0.024914106571970907,0.25255165999776397,-0.22196302260758716,-0.10410115345670112,-0.10172593419817333,0.04965967706482077,-0.0600900252653126,-0.033028628056106735,0.007306892542301435,0.03327921176683635,-0.06476976618656471,-0.05532873455135978
1642,2018,3,0.03993114915274609,-0.05529533696594413,-0.018741039911481572,0.009158331831396138,0.06503151015428865,-0.03729494659794308,-0.030906124285876357,0.008873877704686617,-0.038476213152574434,0.029594781225311007,-0.04522749771346646,0.07626451902339304,-0.1307726638358322,-0.03645833490110639,-0.04703244746269364,-0.09398559077617896,0.045273441499862344,-0.061326751925809275,0.1644093114972569,-0.23777900422910547,-0.06835468837044989,0.09515501949226568,0.04187518423522474,-0.07581808530714018,-0.006676083502780705,0.0569020971564973,-0.014727005082735944,0.00798520242944356,-0.018271742423548676,-0.04170013009868556
1673,2018,4,0.031737668714944434,0.010197166281529668,0.16976092416525224,0.033876138939632705,-0.05855129936501069,0.12097447716178711,0.013362436809009726,-0.017035581213632356,-0.08741328489382261,-0.07524252122470265,-0.08137822125739747,-0.040005412594724676,-0.0320570171806871,0.08754868006955308,0.13436046647151945,-0.07527410052324768,-0.07293586198021562,0.031992100664176126,-0.05134359877221395,0.025686398748764105,0.28694347486961336,-0.03093645006306478,0.009793884838275257,0.017256271535259105,-0.0957701665268057,0.0034527762943783458,-0.010176022355316228,0.0026002186891036505,0.021353780448660098,-0.005846207796206704
1703,2018,5,0.07110050015783465,-0.06611035213080596,-0.07382163342931325,-0.03756864027170248,0.13292350428288668,-0.04837662944075305,0.02021207091913646,-0.04045038831429515,0.0590497520912554,0.6253992976329834,0.08693992651988913,0.008219972116196184,0.21146386540439233,0.021637624986627246,-0.036638929528422626,0.09927910543825869,0.09181473014993302,0.037871708262422255,-0.07579985625542252,0.10191823083354978,0.08845027504056358,0.015886940510035696,-0.0813746177251845,0.10801729766513724,-0.001883116592539591,0.05453521799266037,-0.023397162669373528,0.013670190857164366,-0.010874028762495325,0.12256861690869059
1734,2018,6,-0.08205884275083941,0.025313524873810556,0.10136944694414862,-0.009221700354365092,-0.07237532588040507,0.06768754293000256,-0.019427596906812172,-0.0043032353281103886,0.20465240164778686,-0.24187207101085262,-0.014436196589742267,-0.1261492270590211,0.254517883147924,0.0005531400437488454,-0.01362558974243222,0.035483666139367154,0.0009048654734584716,0.12767677306963554,0.03938188581763469,0.02353220996587213,-0.2700806790272705,-0.1039368866432967,0.11681309204114387,-0.04484911714939355,0.012185069403403581,-0.03120970013675617,0.022716139768206745,0.005279601433300307,0.02350690333700145,0.09622317004813041
1764,2018,7,-2.3214582302810705e-05,0.0754306255585977,0.12993509223900723,-0.04669064320138183,0.03064993032685992,-0.057439101266710035,0.026852247824163955,0.07851277608577578,-0.054099234608587565,0.05395445506825558,0.026986897059189108,0.3270770683045676,-0.08339883847999796,0.05770429217994222,0.16018169360168732,-0.010645842442598474,-0.00967262569648586,-0.04941165284157656,0.02379829581973336,0.03565594452360821,-0.04618522731730268,0.14571462424492854,-0.03182802719721756,-0.06741342738122658,0.04145384187140522,0.005226645812183461,0.06379684153439413,0.0014412506899252886,-0.009792766932048114,-0.003247723093087407
1795,2018,8,0.019289013345387573,0.006639631240594079,-0.041724390361360886,-0.035093477957911845,0.011859970301487,0.11808563240244796,-0.05368596503132572,0.016071958255179375,-0.010783902461740102,-0.1612729512188137,-0.09346928028122248,-0.07668925924534986,-0.0027893564110518243,-0.059606953382822736,-0.0918235043629192,-0.12439427297936023,-0.015889865752316656,-0.12009526722071906,-0.07913073774061519,-0.011035732857237135,0.23554301341400952,0.09651131159366355,0.042024130511752356,0.0003663177902457626,-0.024840559095658854,-0.02562358854851088,-0.002444266942323914,-0.0516068347504165,0.03323307252023233,-0.08526471461521645
1826,2018,9,0.020191817540103907,0.0478165156366559,-0.08056323578803548,0.006245634201899941,0.01390259468255084,-0.05629589643624755,0.006412011897200864,-0.0027301196917917103,0.010070810096407312,-0.2631622086828228,0.07079343415036199,0.0814228643914281,-0.14449850404328823,0.08345940078780023,-0.009046848794431961,0.2042339076301647,-0.008050074392286,0.06024021246041267,-0.056957207108649266,-0.10347740165258712,-0.1149787476120061,-0.009320740921191284,-0.10473919050108293,0.20801787430005647,0.028349453807801517,0.024831277450127365,0.011944318354277783,0.012296682426940375,0.007689034206129097,0.01926155748139391
1856,2018,10,-0.006715814391275887,0.022585157099914044,-0.03981029721317009,0.022852026081951804,0.0015962574554575504,0.02733382447528987,0.12884826705386154,-0.0008357528408335924,-0.0014934194271989387,0.3027920946271647,-0.0937664875918981,0.016011868160759724,0.012055490368774624,-0.052356216960362856,0.10346067126764646,-0.12173365850328133,0.013127137958953927,0.19864255867444958,0.11112785059902186,0.15532276463113925,-0.010219176806444574,0.05010893484511225,0.047816906915517654,-0.19267164737495823,0.036875673269387566,0.04288571992762136,0.008103513985008526,-0.01139779885546166,0.003553227364706313,0.07280993991806284
1887,2018,11,-0.0007053000801228171,-0.05548066119304007,0.037099418292223074,0.020067203962711222,-0.04406115262934618,-0.0485065801553316,-0.14214415196820174,-0.03758678194656773,-0.10444501128779093,0.49859114842749386,0.03378790293913747,-0.12014108571858395,0.1957964752545429,-0.0020679462781607594,-0.03394933735716521,0.18002931961379942,-0.06756836350672635,-0.06283381675683986,0.02185343157555808,0.1824178938312837,0.2214686893836313,0.05445088342158799,0.20820417904308908,0.17443708353276777,-0.08277198959311083,-0.00486629430848462,-0.03493724505146312,0.0031404524765650255,-0.031188315771880193,0.0422668751943609
1917,2018,12,0.005541906653341533,-0.04641071760071125,-0.04395733702969573,0.006356522181463209,0.043277737891944,0.0411576277093193,0.0021126677028426855,0.017855866240929164,0.10024896037192477,-0.11242157775118866,-0.028771095917467404,-0.009492385047617735,0.045501475902418154,-0.00017437992403757097,0.04234126339964783,-0.1100046867417952,0.05821663672288646,0.19717460198111358,-0.04267304084241019,-0.1347933674609434,0.22309925753867832,-0.1668641221586128,-0.1079264241592316,-0.06307444292395525,0.03819931611301053,-0.012492860634891967,-0.012831693565852564,0.009460023762304148,0.011965120345760916,0.07152892816605405
1948,2019,1,-0.059217050689953865,0.042560465199917186,0.1609630234304955,0.09801402653532332,-0.01746055939186264,-0.006903487965183586,0.0291834992924056,0.013233244076148232,0.040237597683615345,-0.07230690223322223,0.028328187465555876,0.07716893466742247,0.003984066003829501,0.05018418121234758,0.027696911646841738,0.17926576983301512,-0.011016132697984182,-0.12124017099499107,0.07570988088690989,0.005537022959206439,-0.13961018775059886,0.041342975122083736,0.008986071444178956,0.040126627733773734,0.06428348403177653,-0.030383557500213154,0.038413511496316666,0.060678117515849284,0.045112223627881365,-0.06581898512194562
1979,2019,2,-0.0007068341981046888,0.04597529262961286,-0.01527296253599364,-0.014843817071700571,-0.018642017440721803,-0.13513025266305967,-0.006450219167075444,-0.016281635578734077,0.01666134203462466,-0.0165496084604827,0.0075020261620402096,-0.008480135230690466,-0.0022223052386899367,-0.031078018884307723,-0.09878074754996435,-0.11692448635096031,0.0020282910439726187,-0.032494448221492944,-4.1943157058521585e-05,0.031881045747969905,-0.10488452985866359,0.0951640286308233,0.1578185702508581,0.08459378497678549,0.018533868457869085,-0.04237771653346101,0.008653925434282117,-0.033765685185788485,-0.028543012019797365,0.0020824651762756385
2007,2019,3,0.006906426996775128,-0.012216580124103982,-0.024918237958476475,0.08720930281682349,0.019838889532735715,0.003110757736609404,0.025448570812740545,-0.008163671610821432,-0.10275483245684525,-1.0,0.05024624029142455,-0.01864740891550154,-0.18753324527699922,-0.01745267748644619,-0.28681206492667743,0.04931855463060919,0.032506768435623945,-0.10976104795618502,-0.006269013474121343,-0.0076066735923495665,-0.09362688267483088,0.13123024426695684,-0.12766143813319153,-0.050329900946904704,-0.020129262989636465,-0.032414344308951515,-0.015786623146353818,0.06825066200883323,-0.01924562461573809,-0.05412589990919081
2038,2019,4,0.044596616575300674,-0.05957449206677057,0.09683300933223582,-0.06846123558247597,0.00014824736789020854,0.07193626978157996,0.02507661859666377,-0.004742711392500154,0.028009405803025356,inf,-0.13241721001263118,0.06800310303543666,-0.06444738060743671,-0.0131560408005309,0.03976666222534653,-0.023211805580388156,0.0023049610798047127,0.09323472988151105,-0.02128386046345554,-0.052899736269075626,-0.23238401273318043,0.011994513193023026,-0.07658630275155942,0.10498587931800873,-0.056514502671893396,0.0750711024068369,-0.0148678158366915,-0.05869005399510152,0.013359517960812362,-0.013381342102898874
2068,2019,5,0.005374264654430139,0.026965974670221105,0.009626351283550827,0.013749980984567145,0.07371143160169269,0.05841160182502225,-0.054622039188261584,0.015369986800425117,0.12389179708710962,0.49787396562698905,0.08661709528052763,0.0701242099081858,0.19370714030523617,-0.03084978038235464,0.011588137409104693,0.0697517495266502,0.10926179130805358,-0.07576062656651428,0.022107328954136918,0.2082843553097249,0.26742944403964164,-0.03241787945249863,0.30593864261099135,-0.1394999257078282,0.03778418182637866,-0.02988217861414777,0.032512162903276964,0.07108104573310459,0.012150422451780774,0.030706847125800296
2099,2019,6,-0.041509371888331814,0.028818050113236016,-0.14163976258060096,-0.07308067287029563,0.08205028740315701,-0.04689810998033572,-0.008222338408093943,0.013096823810902158,0.03661821001881416,-0.35541144673545344,-0.026217857552331747,0.0019466029284984643,0.15824999895152292,0.031142024033638194,0.18618538822498665,-0.07370432851438202,-0.0038184332657582587,0.10247346113465783,0.02202868587481821,-0.11117454480494393,0.003472991033273809,-0.04945906164122282,-0.22764862637185723,0.04270368135184022,-0.04638808174678499,-0.0026156101835308476,0.007091101344960826,-0.025866737827205832,-0.02734300800383327,0.050748105815406896
2129,2019,7,0.002723964058034989,-0.014623139928421014,-0.03136621517561611,-0.021597314653670874,0.01417383002858541,0.13779657282204538,-0.02491170487085237,0.01439101960032274,0.005216886059041137,-0.11743647894938103,-0.029643600480141252,-0.07380502772325481,0.0900224187611749,-0.047380800699322156,-0.05473567174753935,0.13974081362128166,-0.06136378430933043,-0.11028166664374095,-0.012520360373522776,-0.034743136562180754,0.30560913307816495,-0.10753151867479871,0.23182557650360258,0.11940547298235882,0.03426435248199855,-0.011108453772557314,0.0065927789368804834,-0.07243718797566912,0.07395986345951622,-0.024931245925084555
2160,2019,8,-0.011078416670689206,0.05433679829162785,0.11263654026853054,0.015550637585450167,-0.02735243095943507,-0.07446178358235256,0.01123677123102862,0.03301983383694673,-0.01580567675918243,0.2617708356677051,0.07145559674001678,0.013762620709587114,-0.17574968553746873,0.01367981001354246,0.12728595585511426,-0.16916553191335648,-0.03842141955795497,-0.03130041664326422,0.038090025609525124,0.0956177143192658,0.016649139736697682,0.01956533136607619,-0.03536690219633909,-0.010219451977182659,0.03223990218705253,0.01335880666921474,0.02598519893975526,0.004603506041903849,-0.01850080857359182,-0.04746324966372284
2191,2019,9,0.016130632581692117,-0.012211302260714985,0.017727755116640376,0.028435167247577553,-0.07493625634344236,0.0809004930550119,0.13919040395932103,-0.0007351495638879824,0.03455552642604842,-0.09578162988222672,0.01451153529425242,-0.1304408627243272,0.12609251873723748,0.09087728841120102,0.04494353146765917,0.0725619935311097,0.03527740348511643,-0.000681317454802377,0.04600168384396808,-0.12791215380113707,0.018821516272168992,0.04256883385117338,-0.15928651950809936,-0.054757453484876706,0.008958251041841336,0.038304965021889625,-0.0059669779546341895,0.036558818295809425,0.037847559737345327,0.04836275593050021
2221,2019,10,0.06646712396112742,0.014079475479778836,0.019882137112261278,-0.02915567130107699,0.050170620742179484,0.014416135259566865,0.02354658453479397,0.05235791355032404,-0.023953494189837055,-0.2820558707987778,-0.017292680804119387,0.0038093275706103658,0.05384717883973544,-0.048347098872037364,0.09353080865805996,-0.015903799454240586,0.045531029145410074,0.031295509315087955,0.02024521558930603,0.12346382806095746,-0.025874550157813703,0.038287928019331785,-0.1954821183412364,0.002908861931007367,-0.0006912586332865622,0.06888715934572964,0.0336518315286225,0.00343019422210733,0.0009760397334794835,0.006664557919070058
2252,2019,11,0.11189178355127627,0.013018754850874892,0.0023923268897407812,0.08012206150400836,-0.046334961202110114,-0.08042664247802156,-0.021502806717969558,-0.055312990475630874,-0.014930868067291714,0.37870757108723807,0.07790617884898832,0.16892915321406043,0.0016537720061975403,0.011219301064432585,0.003940071040644755,-0.07302895345603033,-0.005806237722856933,0.06349283185905819,-0.04813746397103358,-0.023866107151515603,0.047512431844709546,0.16573045700278466,0.2957384080632828,-0.07285519039543242,0.03228227977478415,0.0833369405477522,-0.02714689380958346,0.03530796078898546,-0.03405018436018037,0.11873303696839832
2282,2019,12,-0.06107852872384678,0.0026639672559589656,0.02327146691312265,0.04040644265802573,0.007800284629114307,0.03051077113140721,0.07872420691718207,0.02503746995191003,-0.04737192498097309,-0.004365633731267415,-0.06852909108930494,0.02160023918853704,0.030915681954256202,-0.01768937620689548,0.013091679304511272,0.13000589755951086,0.09357069215844382,0.006230288508303872,0.10365655384738615,0.06687211088215506,-0.07113979713076768,0.040249001980341426,0.09619383009991456,-0.04790385330748981,-0.06050306968413677,-0.02546195015572794,0.01788123736587055,0.03977388340685928,-0.01401025003864409,-0.004480152684001593
2313,2020,1,-0.03590590331163723,0.07662945077796812,0.0857237188841653,0.034948660611703986,-0.059571980013830905,0.013314931578813471,-0.08082178155548092,-0.01943856378700326,0.0720982888584416,0.11364276565099285,0.1201990580121135,-0.0041956084344607625,-0.1047234403542392,0.13892643866264232,0.07243732639240386,0.39340271602428944,-0.06202669361399349,0.016970135438280964,-0.007279973087487179,0.12213297887383723,0.22676248099811858,0.032444634197317246,-0.139944657535364,0.1203707533512568,0.15624328456657932,-0.03279801260995985,0.030821374355160858,0.018943359736142362,0.0930976123902092,0.036239779001631556
2344,2020,2,-0.0035747217685359045,-0.016784862059472827,0.025693539950579325,-0.013448601385835035,0.038602287723585205,-0.11053611172063582,0.014489892364533574,0.0009173442018104438,0.024379387555960808,-0.021013396457837175,-0.009071720503828318,-0.07974490046702754,-0.10145991085270356,-0.11235730995505544,-0.05664206413525008,-0.14911990465702396,0.00962740926857486,0.07991623584977225,-0.006224338778927696,-0.06269503035396162,-0.20639729979542765,-0.010652856388538745,0.049449005344956554,0.02566795851974124,-0.0013206220811191605,-0.016560655802685953,-0.0034222424824162934,-0.019491237176757936,-0.016184370406932214,-0.04940640241297645
2373,2020,3,-0.016116279359360774,-0.029858225350618883,-0.04713444859299465,-0.02095538415902176,-0.005878111953512732,0.021825674064919864,-0.0027081820382471866,0.039539560997645884,0.00759914730325284,-0.26489299468629657,0.021200747489186655,0.03636844404610384,0.2038727295510252,0.06383010095849428,0.042731968772197426,-0.1052338741192721,-0.04428148814443633,-0.0019888512964700844,-0.03927633911792772,0.021271741260351584,0.013477444665714877,0.0235621026492836,0.2058701541469543,-0.014237187227405301,-0.09116645535046719,-0.03531718576263476,0.0034625489177593227,-0.014240639662743582,-0.06489086596881322,0.03902708770030894
2404,2020,4,0.09034873204639493,-0.03729097125658909,0.08644174264206561,-0.021829059586843336,-0.049356565872920255,-0.0010699203709092497,-0.056312520001704613,-0.001451159147403236,0.008347096032015333,0.36429199064940243,-0.028275594531734893,-0.015395339462606294,-0.08834876474418296,-0.006273222086707331,-0.013823566570612122,0.20989893329043663,0.01948534056818252,-0.018100497481446487,-0.0008159403168719326,-0.0030330861334596504,0.0704228260105828,-0.12898605249421102,-0.12907221516675071,0.16326703500686346,-0.00831320308136918,0.07689265647987953,-0.009177874399074248,-0.009975634175800163,0.023351933538757308,-0.05983457190871999
2434,2020,5,-0.06872518432719021,0.05437396533817607,-0.040622193910362814,0.003605429702351559,0.0937394541512584,0.1180048796631159,0.19174484528162994,-0.007697427674096091,0.017315201222958265,-0.07850285575404059,0.007707664538682213,0.02536169814585909,0.12780968301713536,0.0941157919540685,-0.06801013603477468,-0.15485591133445076,0.0184899886771146,0.052915878006117634,0.03860775609924061,-0.015425244037866714,0.03227457298326164,0.027351528041847484,0.02501433228529537,-0.14734140739353585,-0.013895826178082493,-0.0394673242142789,0.015782224539874434,0.027185068132331125,-0.008118621873502319,0.028966361209039615
2465,2020,6,0.018602245044229138,0.03912623586361308,-0.044260624285104355,-0.02663226836713828,-0.003276908814406676,-0.042567457418689614,0.07589050245733797,0.02193730050967746,0.010726333135933741,0.041461163128049705,0.0067178741159530375,0.051965981093042624,0.006855274804598466,-0.05100179845896102,0.0121116445963243,-0.07344478304225488,0.013004471946563623,0.126201458853906,-0.014930489523124924,0.0014351006899346874,-0.1991212355743086,-0.09428252049970742,-0.1118477512865016,0.008308214649888512,0.04820853839743222,0.022573522761332177,0.02207818727640065,-0.010623323182446853,0.014557348945397175,0.03586825005306116
2495,2020,7,0.0049948691908261456,-0.009361990325952751,0.1805973327460133,0.062088782513256335,0.035637119534415174,0.06648596076007296,0.005859422985325491,0.011543574337765428,-0.015153887760976814,0.18692227821814766,0.057959440419778074,-0.003467467658370915,-0.12266502009571245,0.026695597943647176,-0.03837658505971031,0.019279706706922584,0.007806402010860358,-0.10200981891551153,0.19347093542414018,-0.005947032660015283,0.0914299894789028,0.033397317472414034,0.17115109918441584,-0.01270045600531089,0.01268288983567123,0.04882223434800714,0.023231191394965434,0.031808977403575245,0.013908680769745718,-0.04116962989979578
2526,2020,8,-0.01673253496902638,0.006496934125356013,-0.0057376170421677974,0.05332764319802741,-0.040912550397092295,0.0025290299959885854,-0.15590171767871497,0.026309170490292244,0.020831727659976984,-0.0021016471793121605,-0.0832014501522762,0.12449097997538283,0.20902721323815365,0.07452234947897796,0.13728131649058994,-0.10421883339960525,0.01819170778521806,0.05405670272338048,-0.11272027336251456,0.16164443335410605,0.06450312442711281,-0.0081185092363657,0.17831175575917202,0.1291905224005403,-0.05295913597025004,-0.03792639175680579,0.004281657398511607,0.019452401782381834,0.013018832557378346,0.057259081617937246
